<mesh>
   <submeshes>
      <submesh material = "_Silver_" usesharedvertices="false" use32bitindexes="false">
         <faces count="96">
            <face v1="0" v2="1" v3="2" />
            <face v1="1" v2="0" v3="3" />
            <face v1="5" v2="4" v3="6" />
            <face v1="4" v2="5" v3="7" />
            <face v1="8" v2="9" v3="10" />
            <face v1="9" v2="8" v3="11" />
            <face v1="13" v2="12" v3="14" />
            <face v1="12" v2="13" v3="15" />
            <face v1="16" v2="17" v3="18" />
            <face v1="17" v2="16" v3="19" />
            <face v1="21" v2="20" v3="22" />
            <face v1="20" v2="21" v3="23" />
            <face v1="24" v2="25" v3="26" />
            <face v1="25" v2="24" v3="27" />
            <face v1="29" v2="28" v3="30" />
            <face v1="28" v2="29" v3="31" />
            <face v1="32" v2="33" v3="34" />
            <face v1="33" v2="32" v3="35" />
            <face v1="37" v2="36" v3="38" />
            <face v1="36" v2="37" v3="39" />
            <face v1="40" v2="41" v3="42" />
            <face v1="41" v2="40" v3="43" />
            <face v1="45" v2="44" v3="46" />
            <face v1="44" v2="45" v3="47" />
            <face v1="48" v2="49" v3="50" />
            <face v1="49" v2="48" v3="51" />
            <face v1="53" v2="52" v3="54" />
            <face v1="52" v2="53" v3="55" />
            <face v1="56" v2="57" v3="58" />
            <face v1="57" v2="56" v3="59" />
            <face v1="61" v2="60" v3="62" />
            <face v1="60" v2="61" v3="63" />
            <face v1="64" v2="65" v3="66" />
            <face v1="65" v2="64" v3="67" />
            <face v1="69" v2="68" v3="70" />
            <face v1="68" v2="69" v3="71" />
            <face v1="72" v2="73" v3="74" />
            <face v1="73" v2="72" v3="75" />
            <face v1="77" v2="76" v3="78" />
            <face v1="76" v2="77" v3="79" />
            <face v1="80" v2="81" v3="82" />
            <face v1="81" v2="80" v3="83" />
            <face v1="85" v2="84" v3="86" />
            <face v1="84" v2="85" v3="87" />
            <face v1="88" v2="89" v3="90" />
            <face v1="89" v2="88" v3="91" />
            <face v1="93" v2="92" v3="94" />
            <face v1="92" v2="93" v3="95" />
            <face v1="96" v2="97" v3="98" />
            <face v1="97" v2="96" v3="99" />
            <face v1="101" v2="100" v3="102" />
            <face v1="100" v2="101" v3="103" />
            <face v1="104" v2="105" v3="106" />
            <face v1="105" v2="104" v3="107" />
            <face v1="109" v2="108" v3="110" />
            <face v1="108" v2="109" v3="111" />
            <face v1="112" v2="113" v3="114" />
            <face v1="113" v2="112" v3="115" />
            <face v1="117" v2="116" v3="118" />
            <face v1="116" v2="117" v3="119" />
            <face v1="120" v2="121" v3="122" />
            <face v1="121" v2="120" v3="123" />
            <face v1="125" v2="124" v3="126" />
            <face v1="124" v2="125" v3="127" />
            <face v1="128" v2="129" v3="130" />
            <face v1="129" v2="128" v3="131" />
            <face v1="133" v2="132" v3="134" />
            <face v1="132" v2="133" v3="135" />
            <face v1="136" v2="137" v3="138" />
            <face v1="137" v2="136" v3="139" />
            <face v1="141" v2="140" v3="142" />
            <face v1="140" v2="141" v3="143" />
            <face v1="144" v2="145" v3="146" />
            <face v1="145" v2="144" v3="147" />
            <face v1="149" v2="148" v3="150" />
            <face v1="148" v2="149" v3="151" />
            <face v1="152" v2="153" v3="154" />
            <face v1="153" v2="152" v3="155" />
            <face v1="157" v2="156" v3="158" />
            <face v1="156" v2="157" v3="159" />
            <face v1="160" v2="161" v3="162" />
            <face v1="161" v2="160" v3="163" />
            <face v1="165" v2="164" v3="166" />
            <face v1="164" v2="165" v3="167" />
            <face v1="168" v2="169" v3="170" />
            <face v1="169" v2="168" v3="171" />
            <face v1="173" v2="172" v3="174" />
            <face v1="172" v2="173" v3="175" />
            <face v1="176" v2="177" v3="178" />
            <face v1="177" v2="176" v3="179" />
            <face v1="181" v2="180" v3="182" />
            <face v1="180" v2="181" v3="183" />
            <face v1="184" v2="185" v3="186" />
            <face v1="185" v2="184" v3="187" />
            <face v1="189" v2="188" v3="190" />
            <face v1="188" v2="189" v3="191" />
         </faces>
         <geometry vertexcount="192">
            <vertexbuffer positions="true" normals="true" colours_diffuse="false"  >
               <vertex>
                  <position x="0.0133974596215557" y="-5.77529135625809e-015" z="-0.0500000000000002" />
                  <normal x="0.866022978038089" y="-0.00236685727571441" z="-0.499998599494715" />
               </vertex>
               <vertex>
                  <position x="0.0575735931288069" y="16.9" z="-0.0575735931288083" />
                  <normal x="0.707104800572977" y="-0.00236685727571443" z="-0.707104800572933" />
               </vertex>
               <vertex>
                  <position x="0.029289321881346" y="-5.77529135625809e-015" z="-0.029289321881346" />
                  <normal x="0.707104800572977" y="-0.00236685727571443" z="-0.707104800572933" />
               </vertex>
               <vertex>
                  <position x="0.0480384757729327" y="16.9" z="-0.0700000000000014" />
                  <normal x="0.866022978038089" y="-0.00236685727571441" z="-0.499998599494715" />
               </vertex>
               <vertex>
                  <position x="0.0133974596215557" y="-5.77529135625809e-015" z="-0.0500000000000002" />
                  <normal x="-0.866022978038089" y="0.00236685727571441" z="0.499998599494715" />
               </vertex>
               <vertex>
                  <position x="0.0575735931288069" y="16.9" z="-0.0575735931288083" />
                  <normal x="-0.707104800572977" y="0.00236685727571443" z="0.707104800572933" />
               </vertex>
               <vertex>
                  <position x="0.029289321881346" y="-5.77529135625809e-015" z="-0.029289321881346" />
                  <normal x="-0.707104800572977" y="0.00236685727571443" z="0.707104800572933" />
               </vertex>
               <vertex>
                  <position x="0.0480384757729327" y="16.9" z="-0.0700000000000014" />
                  <normal x="-0.866022978038089" y="0.00236685727571441" z="0.499998599494715" />
               </vertex>
               <vertex>
                  <position x="0.00340741737109329" y="-5.77529135625809e-015" z="-0.0741180954897477" />
                  <normal x="0.965923120720582" y="-0.00236685727571439" z="-0.258818320147644" />
               </vertex>
               <vertex>
                  <position x="0.0480384757729327" y="16.9" z="-0.0700000000000014" />
                  <normal x="0.866022978038089" y="-0.00236685727571441" z="-0.499998599494715" />
               </vertex>
               <vertex>
                  <position x="0.0133974596215557" y="-5.77529135625809e-015" z="-0.0500000000000002" />
                  <normal x="0.866022978038089" y="-0.00236685727571441" z="-0.499998599494715" />
               </vertex>
               <vertex>
                  <position x="0.0420444504226555" y="16.9" z="-0.0844708572938476" />
                  <normal x="0.965923120720582" y="-0.00236685727571439" z="-0.258818320147644" />
               </vertex>
               <vertex>
                  <position x="0.00340741737109329" y="-5.77529135625809e-015" z="-0.0741180954897477" />
                  <normal x="-0.965923120720582" y="0.00236685727571439" z="0.258818320147644" />
               </vertex>
               <vertex>
                  <position x="0.0480384757729327" y="16.9" z="-0.0700000000000014" />
                  <normal x="-0.866022978038089" y="0.00236685727571441" z="0.499998599494715" />
               </vertex>
               <vertex>
                  <position x="0.0133974596215557" y="-5.77529135625809e-015" z="-0.0500000000000002" />
                  <normal x="-0.866022978038089" y="0.00236685727571441" z="0.499998599494715" />
               </vertex>
               <vertex>
                  <position x="0.0420444504226555" y="16.9" z="-0.0844708572938476" />
                  <normal x="-0.965923120720582" y="0.00236685727571439" z="0.258818320147644" />
               </vertex>
               <vertex>
                  <position x="0.07" y="16.9" z="-0.0480384757729327" />
                  <normal x="0.499998599494721" y="-0.00236685727571452" z="-0.866022978038085" />
               </vertex>
               <vertex>
                  <position x="0.0741180954897477" y="-5.77529135625809e-015" z="-0.00340741737109329" />
                  <normal x="0.258818320147625" y="-0.00236685727571454" z="-0.965923120720587" />
               </vertex>
               <vertex>
                  <position x="0.0500000000000002" y="-5.77529135625809e-015" z="-0.0133974596215572" />
                  <normal x="0.499998599494721" y="-0.00236685727571452" z="-0.866022978038085" />
               </vertex>
               <vertex>
                  <position x="0.084470857293849" y="16.9" z="-0.0420444504226555" />
                  <normal x="0.258818320147625" y="-0.00236685727571454" z="-0.965923120720587" />
               </vertex>
               <vertex>
                  <position x="0.07" y="16.9" z="-0.0480384757729327" />
                  <normal x="-0.499998599494721" y="0.00236685727571452" z="0.866022978038085" />
               </vertex>
               <vertex>
                  <position x="0.0741180954897477" y="-5.77529135625809e-015" z="-0.00340741737109329" />
                  <normal x="-0.258818320147625" y="0.00236685727571454" z="0.965923120720587" />
               </vertex>
               <vertex>
                  <position x="0.0500000000000002" y="-5.77529135625809e-015" z="-0.0133974596215572" />
                  <normal x="-0.499998599494721" y="0.00236685727571452" z="0.866022978038085" />
               </vertex>
               <vertex>
                  <position x="0.084470857293849" y="16.9" z="-0.0420444504226555" />
                  <normal x="-0.258818320147625" y="0.00236685727571454" z="0.965923120720587" />
               </vertex>
               <vertex>
                  <position x="0.0575735931288069" y="16.9" z="-0.0575735931288083" />
                  <normal x="0.707104800572977" y="-0.00236685727571443" z="-0.707104800572933" />
               </vertex>
               <vertex>
                  <position x="0.0500000000000002" y="-5.77529135625809e-015" z="-0.0133974596215572" />
                  <normal x="0.499998599494721" y="-0.00236685727571452" z="-0.866022978038085" />
               </vertex>
               <vertex>
                  <position x="0.029289321881346" y="-5.77529135625809e-015" z="-0.029289321881346" />
                  <normal x="0.707104800572977" y="-0.00236685727571443" z="-0.707104800572933" />
               </vertex>
               <vertex>
                  <position x="0.07" y="16.9" z="-0.0480384757729327" />
                  <normal x="0.499998599494721" y="-0.00236685727571452" z="-0.866022978038085" />
               </vertex>
               <vertex>
                  <position x="0.0575735931288069" y="16.9" z="-0.0575735931288083" />
                  <normal x="-0.707104800572977" y="0.00236685727571443" z="0.707104800572933" />
               </vertex>
               <vertex>
                  <position x="0.0500000000000002" y="-5.77529135625809e-015" z="-0.0133974596215572" />
                  <normal x="-0.499998599494721" y="0.00236685727571452" z="0.866022978038085" />
               </vertex>
               <vertex>
                  <position x="0.029289321881346" y="-5.77529135625809e-015" z="-0.029289321881346" />
                  <normal x="-0.707104800572977" y="0.00236685727571443" z="0.707104800572933" />
               </vertex>
               <vertex>
                  <position x="0.07" y="16.9" z="-0.0480384757729327" />
                  <normal x="-0.499998599494721" y="0.00236685727571452" z="0.866022978038085" />
               </vertex>
               <vertex>
                  <position x="0.0" y="-5.77529135625809e-015" z="-0.1" />
                  <normal x="0.999997198989395" y="-0.00236685727571437" z="-0.0" />
               </vertex>
               <vertex>
                  <position x="0.0420444504226555" y="16.9" z="-0.0844708572938476" />
                  <normal x="0.965923120720582" y="-0.00236685727571439" z="-0.258818320147644" />
               </vertex>
               <vertex>
                  <position x="0.00340741737109329" y="-5.77529135625809e-015" z="-0.0741180954897477" />
                  <normal x="0.965923120720582" y="-0.00236685727571439" z="-0.258818320147644" />
               </vertex>
               <vertex>
                  <position x="0.0399999999999996" y="16.9" z="-0.1" />
                  <normal x="0.999997198989395" y="-0.00236685727571437" z="-0.0" />
               </vertex>
               <vertex>
                  <position x="0.0" y="-5.77529135625809e-015" z="-0.1" />
                  <normal x="-0.999997198989395" y="0.00236685727571437" z="0.0" />
               </vertex>
               <vertex>
                  <position x="0.0420444504226555" y="16.9" z="-0.0844708572938476" />
                  <normal x="-0.965923120720582" y="0.00236685727571439" z="0.258818320147644" />
               </vertex>
               <vertex>
                  <position x="0.00340741737109329" y="-5.77529135625809e-015" z="-0.0741180954897477" />
                  <normal x="-0.965923120720582" y="0.00236685727571439" z="0.258818320147644" />
               </vertex>
               <vertex>
                  <position x="0.0399999999999996" y="16.9" z="-0.1" />
                  <normal x="-0.999997198989395" y="0.00236685727571437" z="0.0" />
               </vertex>
               <vertex>
                  <position x="0.084470857293849" y="16.9" z="-0.0420444504226555" />
                  <normal x="0.258818320147625" y="-0.00236685727571454" z="-0.965923120720587" />
               </vertex>
               <vertex>
                  <position x="0.1" y="-5.77529135625809e-015" z="-0.0" />
                  <normal x="-2.21038987779911e-015" y="-0.00236685727571442" z="-0.999997198989395" />
               </vertex>
               <vertex>
                  <position x="0.0741180954897477" y="-5.77529135625809e-015" z="-0.00340741737109329" />
                  <normal x="0.258818320147625" y="-0.00236685727571454" z="-0.965923120720587" />
               </vertex>
               <vertex>
                  <position x="0.1" y="16.9" z="-0.0399999999999996" />
                  <normal x="-2.20952059048659e-015" y="-0.00236685727571442" z="-0.999997198989395" />
               </vertex>
               <vertex>
                  <position x="0.084470857293849" y="16.9" z="-0.0420444504226555" />
                  <normal x="-0.258818320147625" y="0.00236685727571454" z="0.965923120720587" />
               </vertex>
               <vertex>
                  <position x="0.1" y="-5.77529135625809e-015" z="-0.0" />
                  <normal x="2.21038987779911e-015" y="0.00236685727571442" z="0.999997198989395" />
               </vertex>
               <vertex>
                  <position x="0.0741180954897477" y="-5.77529135625809e-015" z="-0.00340741737109329" />
                  <normal x="-0.258818320147625" y="0.00236685727571454" z="0.965923120720587" />
               </vertex>
               <vertex>
                  <position x="0.1" y="16.9" z="-0.0399999999999996" />
                  <normal x="2.20952059048659e-015" y="0.00236685727571442" z="0.999997198989395" />
               </vertex>
               <vertex>
                  <position x="0.00340741737109329" y="-5.77529135625809e-015" z="-0.125881904510253" />
                  <normal x="0.965923120720592" y="-0.0023668572757144" z="0.258818320147606" />
               </vertex>
               <vertex>
                  <position x="0.0399999999999996" y="16.9" z="-0.1" />
                  <normal x="0.999997198989395" y="-0.00236685727571437" z="-0.0" />
               </vertex>
               <vertex>
                  <position x="0.0" y="-5.77529135625809e-015" z="-0.1" />
                  <normal x="0.999997198989395" y="-0.00236685727571437" z="-0.0" />
               </vertex>
               <vertex>
                  <position x="0.0420444504226555" y="16.9" z="-0.115529142706153" />
                  <normal x="0.965923120720592" y="-0.0023668572757144" z="0.258818320147606" />
               </vertex>
               <vertex>
                  <position x="0.00340741737109329" y="-5.77529135625809e-015" z="-0.125881904510253" />
                  <normal x="-0.965923120720592" y="0.0023668572757144" z="-0.258818320147606" />
               </vertex>
               <vertex>
                  <position x="0.0399999999999996" y="16.9" z="-0.1" />
                  <normal x="-0.999997198989395" y="0.00236685727571437" z="0.0" />
               </vertex>
               <vertex>
                  <position x="0.0" y="-5.77529135625809e-015" z="-0.1" />
                  <normal x="-0.999997198989395" y="0.00236685727571437" z="0.0" />
               </vertex>
               <vertex>
                  <position x="0.0420444504226555" y="16.9" z="-0.115529142706153" />
                  <normal x="-0.965923120720592" y="0.0023668572757144" z="-0.258818320147606" />
               </vertex>
               <vertex>
                  <position x="0.00340741737109329" y="-5.77529135625809e-015" z="-0.125881904510253" />
                  <normal x="0.965923120720592" y="-0.0023668572757144" z="0.258818320147606" />
               </vertex>
               <vertex>
                  <position x="0.0480384757729327" y="16.9" z="-0.130000000000002" />
                  <normal x="0.86602297803807" y="-0.0023668572757145" z="0.499998599494747" />
               </vertex>
               <vertex>
                  <position x="0.0420444504226555" y="16.9" z="-0.115529142706153" />
                  <normal x="0.965923120720592" y="-0.0023668572757144" z="0.258818320147606" />
               </vertex>
               <vertex>
                  <position x="0.0133974596215557" y="-5.77529135625809e-015" z="-0.150000000000001" />
                  <normal x="0.86602297803807" y="-0.0023668572757145" z="0.499998599494747" />
               </vertex>
               <vertex>
                  <position x="0.00340741737109329" y="-5.77529135625809e-015" z="-0.125881904510253" />
                  <normal x="-0.965923120720592" y="0.0023668572757144" z="-0.258818320147606" />
               </vertex>
               <vertex>
                  <position x="0.0480384757729327" y="16.9" z="-0.130000000000002" />
                  <normal x="-0.86602297803807" y="0.0023668572757145" z="-0.499998599494747" />
               </vertex>
               <vertex>
                  <position x="0.0420444504226555" y="16.9" z="-0.115529142706153" />
                  <normal x="-0.965923120720592" y="0.0023668572757144" z="-0.258818320147606" />
               </vertex>
               <vertex>
                  <position x="0.0133974596215557" y="-5.77529135625809e-015" z="-0.150000000000001" />
                  <normal x="-0.86602297803807" y="0.0023668572757145" z="-0.499998599494747" />
               </vertex>
               <vertex>
                  <position x="0.0133974596215557" y="-5.77529135625809e-015" z="-0.150000000000001" />
                  <normal x="0.86602297803807" y="-0.0023668572757145" z="0.499998599494747" />
               </vertex>
               <vertex>
                  <position x="0.0575735931288069" y="16.9" z="-0.142426406871192" />
                  <normal x="0.707104800572937" y="-0.0023668572757144" z="0.707104800572973" />
               </vertex>
               <vertex>
                  <position x="0.0480384757729327" y="16.9" z="-0.130000000000002" />
                  <normal x="0.86602297803807" y="-0.0023668572757145" z="0.499998599494747" />
               </vertex>
               <vertex>
                  <position x="0.029289321881346" y="-5.77529135625809e-015" z="-0.170710678118655" />
                  <normal x="0.707104800572937" y="-0.0023668572757144" z="0.707104800572973" />
               </vertex>
               <vertex>
                  <position x="0.0133974596215557" y="-5.77529135625809e-015" z="-0.150000000000001" />
                  <normal x="-0.86602297803807" y="0.0023668572757145" z="-0.499998599494747" />
               </vertex>
               <vertex>
                  <position x="0.0575735931288069" y="16.9" z="-0.142426406871192" />
                  <normal x="-0.707104800572937" y="0.0023668572757144" z="-0.707104800572973" />
               </vertex>
               <vertex>
                  <position x="0.0480384757729327" y="16.9" z="-0.130000000000002" />
                  <normal x="-0.86602297803807" y="0.0023668572757145" z="-0.499998599494747" />
               </vertex>
               <vertex>
                  <position x="0.029289321881346" y="-5.77529135625809e-015" z="-0.170710678118655" />
                  <normal x="-0.707104800572937" y="0.0023668572757144" z="-0.707104800572973" />
               </vertex>
               <vertex>
                  <position x="0.07" y="16.9" z="-0.151961524227068" />
                  <normal x="0.499998599494712" y="-0.00236685727571441" z="0.866022978038091" />
               </vertex>
               <vertex>
                  <position x="0.029289321881346" y="-5.77529135625809e-015" z="-0.170710678118655" />
                  <normal x="0.707104800572937" y="-0.0023668572757144" z="0.707104800572973" />
               </vertex>
               <vertex>
                  <position x="0.0500000000000002" y="-5.77529135625809e-015" z="-0.186602540378444" />
                  <normal x="0.499998599494712" y="-0.00236685727571441" z="0.866022978038091" />
               </vertex>
               <vertex>
                  <position x="0.0575735931288069" y="16.9" z="-0.142426406871192" />
                  <normal x="0.707104800572937" y="-0.0023668572757144" z="0.707104800572973" />
               </vertex>
               <vertex>
                  <position x="0.07" y="16.9" z="-0.151961524227068" />
                  <normal x="-0.499998599494712" y="0.00236685727571441" z="-0.866022978038091" />
               </vertex>
               <vertex>
                  <position x="0.029289321881346" y="-5.77529135625809e-015" z="-0.170710678118655" />
                  <normal x="-0.707104800572937" y="0.0023668572757144" z="-0.707104800572973" />
               </vertex>
               <vertex>
                  <position x="0.0500000000000002" y="-5.77529135625809e-015" z="-0.186602540378444" />
                  <normal x="-0.499998599494712" y="0.00236685727571441" z="-0.866022978038091" />
               </vertex>
               <vertex>
                  <position x="0.0575735931288069" y="16.9" z="-0.142426406871192" />
                  <normal x="-0.707104800572937" y="0.0023668572757144" z="-0.707104800572973" />
               </vertex>
               <vertex>
                  <position x="0.084470857293849" y="16.9" z="-0.157955549577345" />
                  <normal x="0.258818320147597" y="-0.00236685727571434" z="0.965923120720595" />
               </vertex>
               <vertex>
                  <position x="0.0500000000000002" y="-5.77529135625809e-015" z="-0.186602540378444" />
                  <normal x="0.499998599494712" y="-0.00236685727571441" z="0.866022978038091" />
               </vertex>
               <vertex>
                  <position x="0.0741180954897477" y="-5.77529135625809e-015" z="-0.196592582628907" />
                  <normal x="0.258818320147597" y="-0.00236685727571434" z="0.965923120720595" />
               </vertex>
               <vertex>
                  <position x="0.07" y="16.9" z="-0.151961524227068" />
                  <normal x="0.499998599494712" y="-0.00236685727571441" z="0.866022978038091" />
               </vertex>
               <vertex>
                  <position x="0.084470857293849" y="16.9" z="-0.157955549577345" />
                  <normal x="-0.258818320147597" y="0.00236685727571434" z="-0.965923120720595" />
               </vertex>
               <vertex>
                  <position x="0.0500000000000002" y="-5.77529135625809e-015" z="-0.186602540378444" />
                  <normal x="-0.499998599494712" y="0.00236685727571441" z="-0.866022978038091" />
               </vertex>
               <vertex>
                  <position x="0.0741180954897477" y="-5.77529135625809e-015" z="-0.196592582628907" />
                  <normal x="-0.258818320147597" y="0.00236685727571434" z="-0.965923120720595" />
               </vertex>
               <vertex>
                  <position x="0.07" y="16.9" z="-0.151961524227068" />
                  <normal x="-0.499998599494712" y="0.00236685727571441" z="-0.866022978038091" />
               </vertex>
               <vertex>
                  <position x="0.1" y="16.9" z="-0.160000000000001" />
                  <normal x="0.0" y="-0.00236685727571435" z="0.999997198989395" />
               </vertex>
               <vertex>
                  <position x="0.0741180954897477" y="-5.77529135625809e-015" z="-0.196592582628907" />
                  <normal x="0.258818320147597" y="-0.00236685727571434" z="0.965923120720595" />
               </vertex>
               <vertex>
                  <position x="0.1" y="-5.77529135625809e-015" z="-0.200000000000001" />
                  <normal x="0.0" y="-0.00236685727571435" z="0.999997198989395" />
               </vertex>
               <vertex>
                  <position x="0.084470857293849" y="16.9" z="-0.157955549577345" />
                  <normal x="0.258818320147597" y="-0.00236685727571434" z="0.965923120720595" />
               </vertex>
               <vertex>
                  <position x="0.1" y="16.9" z="-0.160000000000001" />
                  <normal x="-0.0" y="0.00236685727571435" z="-0.999997198989395" />
               </vertex>
               <vertex>
                  <position x="0.0741180954897477" y="-5.77529135625809e-015" z="-0.196592582628907" />
                  <normal x="-0.258818320147597" y="0.00236685727571434" z="-0.965923120720595" />
               </vertex>
               <vertex>
                  <position x="0.1" y="-5.77529135625809e-015" z="-0.200000000000001" />
                  <normal x="-0.0" y="0.00236685727571435" z="-0.999997198989395" />
               </vertex>
               <vertex>
                  <position x="0.084470857293849" y="16.9" z="-0.157955549577345" />
                  <normal x="-0.258818320147597" y="0.00236685727571434" z="-0.965923120720595" />
               </vertex>
               <vertex>
                  <position x="0.115529142706152" y="16.9" z="-0.157955549577345" />
                  <normal x="-0.258818320147603" y="-0.00236685727571429" z="0.965923120720593" />
               </vertex>
               <vertex>
                  <position x="0.1" y="-5.77529135625809e-015" z="-0.200000000000001" />
                  <normal x="0.0" y="-0.00236685727571435" z="0.999997198989395" />
               </vertex>
               <vertex>
                  <position x="0.125881904510253" y="-5.77529135625809e-015" z="-0.196592582628907" />
                  <normal x="-0.258818320147603" y="-0.00236685727571429" z="0.965923120720593" />
               </vertex>
               <vertex>
                  <position x="0.1" y="16.9" z="-0.160000000000001" />
                  <normal x="0.0" y="-0.00236685727571435" z="0.999997198989395" />
               </vertex>
               <vertex>
                  <position x="0.115529142706152" y="16.9" z="-0.157955549577345" />
                  <normal x="0.258818320147603" y="0.00236685727571429" z="-0.965923120720593" />
               </vertex>
               <vertex>
                  <position x="0.1" y="-5.77529135625809e-015" z="-0.200000000000001" />
                  <normal x="-0.0" y="0.00236685727571435" z="-0.999997198989395" />
               </vertex>
               <vertex>
                  <position x="0.125881904510253" y="-5.77529135625809e-015" z="-0.196592582628907" />
                  <normal x="0.258818320147603" y="0.00236685727571429" z="-0.965923120720593" />
               </vertex>
               <vertex>
                  <position x="0.1" y="16.9" z="-0.160000000000001" />
                  <normal x="-0.0" y="0.00236685727571435" z="-0.999997198989395" />
               </vertex>
               <vertex>
                  <position x="0.130000000000001" y="16.9" z="-0.151961524227068" />
                  <normal x="-0.499998599494717" y="-0.00236685727571433" z="0.866022978038087" />
               </vertex>
               <vertex>
                  <position x="0.125881904510253" y="-5.77529135625809e-015" z="-0.196592582628907" />
                  <normal x="-0.258818320147603" y="-0.00236685727571429" z="0.965923120720593" />
               </vertex>
               <vertex>
                  <position x="0.150000000000001" y="-5.77529135625809e-015" z="-0.186602540378444" />
                  <normal x="-0.499998599494717" y="-0.00236685727571433" z="0.866022978038087" />
               </vertex>
               <vertex>
                  <position x="0.115529142706152" y="16.9" z="-0.157955549577345" />
                  <normal x="-0.258818320147603" y="-0.00236685727571429" z="0.965923120720593" />
               </vertex>
               <vertex>
                  <position x="0.130000000000001" y="16.9" z="-0.151961524227068" />
                  <normal x="0.499998599494717" y="0.00236685727571433" z="-0.866022978038087" />
               </vertex>
               <vertex>
                  <position x="0.125881904510253" y="-5.77529135625809e-015" z="-0.196592582628907" />
                  <normal x="0.258818320147603" y="0.00236685727571429" z="-0.965923120720593" />
               </vertex>
               <vertex>
                  <position x="0.150000000000001" y="-5.77529135625809e-015" z="-0.186602540378444" />
                  <normal x="0.499998599494717" y="0.00236685727571433" z="-0.866022978038087" />
               </vertex>
               <vertex>
                  <position x="0.115529142706152" y="16.9" z="-0.157955549577345" />
                  <normal x="0.258818320147603" y="0.00236685727571429" z="-0.965923120720593" />
               </vertex>
               <vertex>
                  <position x="0.142426406871194" y="16.9" z="-0.142426406871192" />
                  <normal x="-0.707104800572977" y="-0.0023668572757143" z="0.707104800572933" />
               </vertex>
               <vertex>
                  <position x="0.150000000000001" y="-5.77529135625809e-015" z="-0.186602540378444" />
                  <normal x="-0.499998599494717" y="-0.00236685727571433" z="0.866022978038087" />
               </vertex>
               <vertex>
                  <position x="0.170710678118655" y="-5.77529135625809e-015" z="-0.170710678118655" />
                  <normal x="-0.707104800572977" y="-0.0023668572757143" z="0.707104800572933" />
               </vertex>
               <vertex>
                  <position x="0.130000000000001" y="16.9" z="-0.151961524227068" />
                  <normal x="-0.499998599494717" y="-0.00236685727571433" z="0.866022978038087" />
               </vertex>
               <vertex>
                  <position x="0.142426406871194" y="16.9" z="-0.142426406871192" />
                  <normal x="0.707104800572977" y="0.0023668572757143" z="-0.707104800572933" />
               </vertex>
               <vertex>
                  <position x="0.150000000000001" y="-5.77529135625809e-015" z="-0.186602540378444" />
                  <normal x="0.499998599494717" y="0.00236685727571433" z="-0.866022978038087" />
               </vertex>
               <vertex>
                  <position x="0.170710678118655" y="-5.77529135625809e-015" z="-0.170710678118655" />
                  <normal x="0.707104800572977" y="0.0023668572757143" z="-0.707104800572933" />
               </vertex>
               <vertex>
                  <position x="0.130000000000001" y="16.9" z="-0.151961524227068" />
                  <normal x="0.499998599494717" y="0.00236685727571433" z="-0.866022978038087" />
               </vertex>
               <vertex>
                  <position x="0.142426406871194" y="16.9" z="-0.142426406871192" />
                  <normal x="-0.707104800572977" y="-0.0023668572757143" z="0.707104800572933" />
               </vertex>
               <vertex>
                  <position x="0.186602540378445" y="-5.77529135625809e-015" z="-0.150000000000001" />
                  <normal x="-0.866022978038078" y="-0.00236685727571432" z="0.499998599494733" />
               </vertex>
               <vertex>
                  <position x="0.151961524227068" y="16.9" z="-0.129999999999999" />
                  <normal x="-0.866022978038078" y="-0.00236685727571432" z="0.499998599494733" />
               </vertex>
               <vertex>
                  <position x="0.170710678118655" y="-5.77529135625809e-015" z="-0.170710678118655" />
                  <normal x="-0.707104800572977" y="-0.0023668572757143" z="0.707104800572933" />
               </vertex>
               <vertex>
                  <position x="0.142426406871194" y="16.9" z="-0.142426406871192" />
                  <normal x="0.707104800572977" y="0.0023668572757143" z="-0.707104800572933" />
               </vertex>
               <vertex>
                  <position x="0.186602540378445" y="-5.77529135625809e-015" z="-0.150000000000001" />
                  <normal x="0.866022978038078" y="0.00236685727571432" z="-0.499998599494733" />
               </vertex>
               <vertex>
                  <position x="0.151961524227068" y="16.9" z="-0.129999999999999" />
                  <normal x="0.866022978038078" y="0.00236685727571432" z="-0.499998599494733" />
               </vertex>
               <vertex>
                  <position x="0.170710678118655" y="-5.77529135625809e-015" z="-0.170710678118655" />
                  <normal x="0.707104800572977" y="0.0023668572757143" z="-0.707104800572933" />
               </vertex>
               <vertex>
                  <position x="0.151961524227068" y="16.9" z="-0.129999999999999" />
                  <normal x="-0.866022978038078" y="-0.00236685727571432" z="0.499998599494733" />
               </vertex>
               <vertex>
                  <position x="0.196592582628907" y="-5.77529135625809e-015" z="-0.125881904510253" />
                  <normal x="-0.965923120720582" y="-0.00236685727571428" z="0.258818320147644" />
               </vertex>
               <vertex>
                  <position x="0.157955549577345" y="16.9" z="-0.115529142706153" />
                  <normal x="-0.965923120720582" y="-0.00236685727571428" z="0.258818320147644" />
               </vertex>
               <vertex>
                  <position x="0.186602540378445" y="-5.77529135625809e-015" z="-0.150000000000001" />
                  <normal x="-0.866022978038078" y="-0.00236685727571432" z="0.499998599494733" />
               </vertex>
               <vertex>
                  <position x="0.151961524227068" y="16.9" z="-0.129999999999999" />
                  <normal x="0.866022978038078" y="0.00236685727571432" z="-0.499998599494733" />
               </vertex>
               <vertex>
                  <position x="0.196592582628907" y="-5.77529135625809e-015" z="-0.125881904510253" />
                  <normal x="0.965923120720582" y="0.00236685727571428" z="-0.258818320147644" />
               </vertex>
               <vertex>
                  <position x="0.157955549577345" y="16.9" z="-0.115529142706153" />
                  <normal x="0.965923120720582" y="0.00236685727571428" z="-0.258818320147644" />
               </vertex>
               <vertex>
                  <position x="0.186602540378445" y="-5.77529135625809e-015" z="-0.150000000000001" />
                  <normal x="0.866022978038078" y="0.00236685727571432" z="-0.499998599494733" />
               </vertex>
               <vertex>
                  <position x="0.157955549577345" y="16.9" z="-0.115529142706153" />
                  <normal x="-0.965923120720582" y="-0.00236685727571428" z="0.258818320147644" />
               </vertex>
               <vertex>
                  <position x="0.200000000000001" y="-5.77529135625809e-015" z="-0.1" />
                  <normal x="-0.999997198989395" y="-0.00236685727571425" z="-5.34771744628816e-017" />
               </vertex>
               <vertex>
                  <position x="0.160000000000001" y="16.9" z="-0.1" />
                  <normal x="-0.999997198989395" y="-0.00236685727571425" z="-5.3456143318224e-017" />
               </vertex>
               <vertex>
                  <position x="0.196592582628907" y="-5.77529135625809e-015" z="-0.125881904510253" />
                  <normal x="-0.965923120720582" y="-0.00236685727571428" z="0.258818320147644" />
               </vertex>
               <vertex>
                  <position x="0.157955549577345" y="16.9" z="-0.115529142706153" />
                  <normal x="0.965923120720582" y="0.00236685727571428" z="-0.258818320147644" />
               </vertex>
               <vertex>
                  <position x="0.200000000000001" y="-5.77529135625809e-015" z="-0.1" />
                  <normal x="0.999997198989395" y="0.00236685727571425" z="5.34771744628816e-017" />
               </vertex>
               <vertex>
                  <position x="0.160000000000001" y="16.9" z="-0.1" />
                  <normal x="0.999997198989395" y="0.00236685727571425" z="5.3456143318224e-017" />
               </vertex>
               <vertex>
                  <position x="0.196592582628907" y="-5.77529135625809e-015" z="-0.125881904510253" />
                  <normal x="0.965923120720582" y="0.00236685727571428" z="-0.258818320147644" />
               </vertex>
               <vertex>
                  <position x="0.157955549577345" y="16.9" z="-0.0844708572938476" />
                  <normal x="-0.965923120720592" y="-0.00236685727571426" z="-0.258818320147606" />
               </vertex>
               <vertex>
                  <position x="0.200000000000001" y="-5.77529135625809e-015" z="-0.1" />
                  <normal x="-0.999997198989395" y="-0.00236685727571425" z="-5.34771744628816e-017" />
               </vertex>
               <vertex>
                  <position x="0.196592582628907" y="-5.77529135625809e-015" z="-0.0741180954897477" />
                  <normal x="-0.965923120720592" y="-0.00236685727571426" z="-0.258818320147606" />
               </vertex>
               <vertex>
                  <position x="0.160000000000001" y="16.9" z="-0.1" />
                  <normal x="-0.999997198989395" y="-0.00236685727571425" z="-5.3456143318224e-017" />
               </vertex>
               <vertex>
                  <position x="0.157955549577345" y="16.9" z="-0.0844708572938476" />
                  <normal x="0.965923120720592" y="0.00236685727571426" z="0.258818320147606" />
               </vertex>
               <vertex>
                  <position x="0.200000000000001" y="-5.77529135625809e-015" z="-0.1" />
                  <normal x="0.999997198989395" y="0.00236685727571425" z="5.34771744628816e-017" />
               </vertex>
               <vertex>
                  <position x="0.196592582628907" y="-5.77529135625809e-015" z="-0.0741180954897477" />
                  <normal x="0.965923120720592" y="0.00236685727571426" z="0.258818320147606" />
               </vertex>
               <vertex>
                  <position x="0.160000000000001" y="16.9" z="-0.1" />
                  <normal x="0.999997198989395" y="0.00236685727571425" z="5.3456143318224e-017" />
               </vertex>
               <vertex>
                  <position x="0.151961524227068" y="16.9" z="-0.0699999999999985" />
                  <normal x="-0.86602297803807" y="-0.00236685727571437" z="-0.499998599494747" />
               </vertex>
               <vertex>
                  <position x="0.196592582628907" y="-5.77529135625809e-015" z="-0.0741180954897477" />
                  <normal x="-0.965923120720592" y="-0.00236685727571426" z="-0.258818320147606" />
               </vertex>
               <vertex>
                  <position x="0.186602540378445" y="-5.77529135625809e-015" z="-0.0500000000000002" />
                  <normal x="-0.86602297803807" y="-0.00236685727571437" z="-0.499998599494747" />
               </vertex>
               <vertex>
                  <position x="0.157955549577345" y="16.9" z="-0.0844708572938476" />
                  <normal x="-0.965923120720592" y="-0.00236685727571426" z="-0.258818320147606" />
               </vertex>
               <vertex>
                  <position x="0.151961524227068" y="16.9" z="-0.0699999999999985" />
                  <normal x="0.86602297803807" y="0.00236685727571437" z="0.499998599494747" />
               </vertex>
               <vertex>
                  <position x="0.196592582628907" y="-5.77529135625809e-015" z="-0.0741180954897477" />
                  <normal x="0.965923120720592" y="0.00236685727571426" z="0.258818320147606" />
               </vertex>
               <vertex>
                  <position x="0.186602540378445" y="-5.77529135625809e-015" z="-0.0500000000000002" />
                  <normal x="0.86602297803807" y="0.00236685727571437" z="0.499998599494747" />
               </vertex>
               <vertex>
                  <position x="0.157955549577345" y="16.9" z="-0.0844708572938476" />
                  <normal x="0.965923120720592" y="0.00236685727571426" z="0.258818320147606" />
               </vertex>
               <vertex>
                  <position x="0.142426406871194" y="16.9" z="-0.0575735931288083" />
                  <normal x="-0.707104800572937" y="-0.00236685727571435" z="-0.707104800572973" />
               </vertex>
               <vertex>
                  <position x="0.186602540378445" y="-5.77529135625809e-015" z="-0.0500000000000002" />
                  <normal x="-0.86602297803807" y="-0.00236685727571437" z="-0.499998599494747" />
               </vertex>
               <vertex>
                  <position x="0.170710678118655" y="-5.77529135625809e-015" z="-0.029289321881346" />
                  <normal x="-0.707104800572937" y="-0.00236685727571435" z="-0.707104800572973" />
               </vertex>
               <vertex>
                  <position x="0.151961524227068" y="16.9" z="-0.0699999999999985" />
                  <normal x="-0.86602297803807" y="-0.00236685727571437" z="-0.499998599494747" />
               </vertex>
               <vertex>
                  <position x="0.142426406871194" y="16.9" z="-0.0575735931288083" />
                  <normal x="0.707104800572937" y="0.00236685727571435" z="0.707104800572973" />
               </vertex>
               <vertex>
                  <position x="0.186602540378445" y="-5.77529135625809e-015" z="-0.0500000000000002" />
                  <normal x="0.86602297803807" y="0.00236685727571437" z="0.499998599494747" />
               </vertex>
               <vertex>
                  <position x="0.170710678118655" y="-5.77529135625809e-015" z="-0.029289321881346" />
                  <normal x="0.707104800572937" y="0.00236685727571435" z="0.707104800572973" />
               </vertex>
               <vertex>
                  <position x="0.151961524227068" y="16.9" z="-0.0699999999999985" />
                  <normal x="0.86602297803807" y="0.00236685727571437" z="0.499998599494747" />
               </vertex>
               <vertex>
                  <position x="0.130000000000001" y="16.9" z="-0.0480384757729327" />
                  <normal x="-0.499998599494712" y="-0.00236685727571441" z="-0.866022978038091" />
               </vertex>
               <vertex>
                  <position x="0.170710678118655" y="-5.77529135625809e-015" z="-0.029289321881346" />
                  <normal x="-0.707104800572937" y="-0.00236685727571435" z="-0.707104800572973" />
               </vertex>
               <vertex>
                  <position x="0.150000000000001" y="-5.77529135625809e-015" z="-0.0133974596215572" />
                  <normal x="-0.499998599494712" y="-0.00236685727571441" z="-0.866022978038091" />
               </vertex>
               <vertex>
                  <position x="0.142426406871194" y="16.9" z="-0.0575735931288083" />
                  <normal x="-0.707104800572937" y="-0.00236685727571435" z="-0.707104800572973" />
               </vertex>
               <vertex>
                  <position x="0.130000000000001" y="16.9" z="-0.0480384757729327" />
                  <normal x="0.499998599494712" y="0.00236685727571441" z="0.866022978038091" />
               </vertex>
               <vertex>
                  <position x="0.170710678118655" y="-5.77529135625809e-015" z="-0.029289321881346" />
                  <normal x="0.707104800572937" y="0.00236685727571435" z="0.707104800572973" />
               </vertex>
               <vertex>
                  <position x="0.150000000000001" y="-5.77529135625809e-015" z="-0.0133974596215572" />
                  <normal x="0.499998599494712" y="0.00236685727571441" z="0.866022978038091" />
               </vertex>
               <vertex>
                  <position x="0.142426406871194" y="16.9" z="-0.0575735931288083" />
                  <normal x="0.707104800572937" y="0.00236685727571435" z="0.707104800572973" />
               </vertex>
               <vertex>
                  <position x="0.115529142706152" y="16.9" z="-0.0420444504226555" />
                  <normal x="-0.258818320147597" y="-0.00236685727571433" z="-0.965923120720595" />
               </vertex>
               <vertex>
                  <position x="0.150000000000001" y="-5.77529135625809e-015" z="-0.0133974596215572" />
                  <normal x="-0.499998599494712" y="-0.00236685727571441" z="-0.866022978038091" />
               </vertex>
               <vertex>
                  <position x="0.125881904510253" y="-5.77529135625809e-015" z="-0.00340741737109329" />
                  <normal x="-0.258818320147597" y="-0.00236685727571433" z="-0.965923120720595" />
               </vertex>
               <vertex>
                  <position x="0.130000000000001" y="16.9" z="-0.0480384757729327" />
                  <normal x="-0.499998599494712" y="-0.00236685727571441" z="-0.866022978038091" />
               </vertex>
               <vertex>
                  <position x="0.115529142706152" y="16.9" z="-0.0420444504226555" />
                  <normal x="0.258818320147597" y="0.00236685727571433" z="0.965923120720595" />
               </vertex>
               <vertex>
                  <position x="0.150000000000001" y="-5.77529135625809e-015" z="-0.0133974596215572" />
                  <normal x="0.499998599494712" y="0.00236685727571441" z="0.866022978038091" />
               </vertex>
               <vertex>
                  <position x="0.125881904510253" y="-5.77529135625809e-015" z="-0.00340741737109329" />
                  <normal x="0.258818320147597" y="0.00236685727571433" z="0.965923120720595" />
               </vertex>
               <vertex>
                  <position x="0.130000000000001" y="16.9" z="-0.0480384757729327" />
                  <normal x="0.499998599494712" y="0.00236685727571441" z="0.866022978038091" />
               </vertex>
               <vertex>
                  <position x="0.1" y="16.9" z="-0.0399999999999996" />
                  <normal x="-2.20952059048659e-015" y="-0.00236685727571442" z="-0.999997198989395" />
               </vertex>
               <vertex>
                  <position x="0.125881904510253" y="-5.77529135625809e-015" z="-0.00340741737109329" />
                  <normal x="-0.258818320147597" y="-0.00236685727571433" z="-0.965923120720595" />
               </vertex>
               <vertex>
                  <position x="0.1" y="-5.77529135625809e-015" z="-0.0" />
                  <normal x="-2.21038987779911e-015" y="-0.00236685727571442" z="-0.999997198989395" />
               </vertex>
               <vertex>
                  <position x="0.115529142706152" y="16.9" z="-0.0420444504226555" />
                  <normal x="-0.258818320147597" y="-0.00236685727571433" z="-0.965923120720595" />
               </vertex>
               <vertex>
                  <position x="0.1" y="16.9" z="-0.0399999999999996" />
                  <normal x="2.20952059048659e-015" y="0.00236685727571442" z="0.999997198989395" />
               </vertex>
               <vertex>
                  <position x="0.125881904510253" y="-5.77529135625809e-015" z="-0.00340741737109329" />
                  <normal x="0.258818320147597" y="0.00236685727571433" z="0.965923120720595" />
               </vertex>
               <vertex>
                  <position x="0.1" y="-5.77529135625809e-015" z="-0.0" />
                  <normal x="2.21038987779911e-015" y="0.00236685727571442" z="0.999997198989395" />
               </vertex>
               <vertex>
                  <position x="0.115529142706152" y="16.9" z="-0.0420444504226555" />
                  <normal x="0.258818320147597" y="0.00236685727571433" z="0.965923120720595" />
               </vertex>
            </vertexbuffer>
         </geometry>
      </submesh>
   </submeshes>
</mesh>
