<mesh>
   <submeshes>
      <submesh material = "_Silver_" usesharedvertices="false" use32bitindexes="false">
         <faces count="184">
            <face v1="0" v2="1" v3="2" />
            <face v1="1" v2="0" v3="3" />
            <face v1="5" v2="4" v3="6" />
            <face v1="4" v2="5" v3="7" />
            <face v1="8" v2="9" v3="10" />
            <face v1="9" v2="8" v3="11" />
            <face v1="13" v2="12" v3="14" />
            <face v1="12" v2="13" v3="15" />
            <face v1="16" v2="17" v3="18" />
            <face v1="17" v2="16" v3="19" />
            <face v1="21" v2="20" v3="22" />
            <face v1="20" v2="21" v3="23" />
            <face v1="24" v2="25" v3="26" />
            <face v1="25" v2="24" v3="27" />
            <face v1="29" v2="28" v3="30" />
            <face v1="28" v2="29" v3="31" />
            <face v1="32" v2="33" v3="34" />
            <face v1="33" v2="32" v3="35" />
            <face v1="37" v2="36" v3="38" />
            <face v1="36" v2="37" v3="39" />
            <face v1="40" v2="41" v3="42" />
            <face v1="41" v2="40" v3="43" />
            <face v1="45" v2="44" v3="46" />
            <face v1="44" v2="45" v3="47" />
            <face v1="48" v2="49" v3="50" />
            <face v1="49" v2="48" v3="51" />
            <face v1="53" v2="52" v3="54" />
            <face v1="52" v2="53" v3="55" />
            <face v1="56" v2="57" v3="58" />
            <face v1="57" v2="56" v3="59" />
            <face v1="61" v2="60" v3="62" />
            <face v1="60" v2="61" v3="63" />
            <face v1="64" v2="65" v3="66" />
            <face v1="65" v2="64" v3="67" />
            <face v1="65" v2="67" v3="68" />
            <face v1="68" v2="67" v3="69" />
            <face v1="68" v2="69" v3="70" />
            <face v1="70" v2="69" v3="71" />
            <face v1="70" v2="71" v3="72" />
            <face v1="72" v2="71" v3="73" />
            <face v1="72" v2="73" v3="74" />
            <face v1="74" v2="73" v3="75" />
            <face v1="74" v2="75" v3="76" />
            <face v1="76" v2="75" v3="77" />
            <face v1="76" v2="77" v3="78" />
            <face v1="78" v2="77" v3="79" />
            <face v1="78" v2="79" v3="80" />
            <face v1="80" v2="79" v3="81" />
            <face v1="80" v2="81" v3="82" />
            <face v1="82" v2="81" v3="83" />
            <face v1="83" v2="81" v3="84" />
            <face v1="83" v2="84" v3="85" />
            <face v1="83" v2="85" v3="86" />
            <face v1="86" v2="85" v3="87" />
            <face v1="89" v2="88" v3="90" />
            <face v1="88" v2="89" v3="91" />
            <face v1="91" v2="89" v3="92" />
            <face v1="91" v2="92" v3="93" />
            <face v1="93" v2="92" v3="94" />
            <face v1="93" v2="94" v3="95" />
            <face v1="95" v2="94" v3="96" />
            <face v1="95" v2="96" v3="97" />
            <face v1="97" v2="96" v3="98" />
            <face v1="97" v2="98" v3="99" />
            <face v1="99" v2="98" v3="100" />
            <face v1="99" v2="100" v3="101" />
            <face v1="101" v2="100" v3="102" />
            <face v1="101" v2="102" v3="103" />
            <face v1="103" v2="102" v3="104" />
            <face v1="103" v2="104" v3="105" />
            <face v1="105" v2="104" v3="106" />
            <face v1="105" v2="106" v3="107" />
            <face v1="105" v2="107" v3="108" />
            <face v1="108" v2="107" v3="109" />
            <face v1="109" v2="107" v3="110" />
            <face v1="109" v2="110" v3="111" />
            <face v1="112" v2="113" v3="114" />
            <face v1="113" v2="112" v3="115" />
            <face v1="117" v2="116" v3="118" />
            <face v1="116" v2="117" v3="119" />
            <face v1="120" v2="121" v3="122" />
            <face v1="121" v2="120" v3="123" />
            <face v1="125" v2="124" v3="126" />
            <face v1="124" v2="125" v3="127" />
            <face v1="128" v2="129" v3="130" />
            <face v1="129" v2="128" v3="131" />
            <face v1="133" v2="132" v3="134" />
            <face v1="132" v2="133" v3="135" />
            <face v1="136" v2="137" v3="138" />
            <face v1="137" v2="136" v3="139" />
            <face v1="141" v2="140" v3="142" />
            <face v1="140" v2="141" v3="143" />
            <face v1="144" v2="145" v3="146" />
            <face v1="145" v2="144" v3="147" />
            <face v1="149" v2="148" v3="150" />
            <face v1="148" v2="149" v3="151" />
            <face v1="152" v2="153" v3="154" />
            <face v1="153" v2="152" v3="155" />
            <face v1="157" v2="156" v3="158" />
            <face v1="156" v2="157" v3="159" />
            <face v1="160" v2="161" v3="162" />
            <face v1="161" v2="160" v3="163" />
            <face v1="165" v2="164" v3="166" />
            <face v1="164" v2="165" v3="167" />
            <face v1="168" v2="169" v3="170" />
            <face v1="169" v2="168" v3="171" />
            <face v1="173" v2="172" v3="174" />
            <face v1="172" v2="173" v3="175" />
            <face v1="176" v2="177" v3="178" />
            <face v1="177" v2="176" v3="179" />
            <face v1="181" v2="180" v3="182" />
            <face v1="180" v2="181" v3="183" />
            <face v1="184" v2="185" v3="186" />
            <face v1="185" v2="184" v3="187" />
            <face v1="189" v2="188" v3="190" />
            <face v1="188" v2="189" v3="191" />
            <face v1="192" v2="193" v3="194" />
            <face v1="193" v2="192" v3="195" />
            <face v1="193" v2="195" v3="196" />
            <face v1="196" v2="195" v3="197" />
            <face v1="196" v2="197" v3="198" />
            <face v1="198" v2="197" v3="199" />
            <face v1="198" v2="199" v3="200" />
            <face v1="200" v2="199" v3="201" />
            <face v1="200" v2="201" v3="202" />
            <face v1="202" v2="201" v3="203" />
            <face v1="202" v2="203" v3="204" />
            <face v1="204" v2="203" v3="205" />
            <face v1="204" v2="205" v3="206" />
            <face v1="206" v2="205" v3="207" />
            <face v1="206" v2="207" v3="208" />
            <face v1="208" v2="207" v3="209" />
            <face v1="208" v2="209" v3="210" />
            <face v1="210" v2="209" v3="211" />
            <face v1="210" v2="211" v3="212" />
            <face v1="212" v2="211" v3="213" />
            <face v1="212" v2="213" v3="214" />
            <face v1="214" v2="213" v3="215" />
            <face v1="217" v2="216" v3="218" />
            <face v1="216" v2="217" v3="219" />
            <face v1="219" v2="217" v3="220" />
            <face v1="219" v2="220" v3="221" />
            <face v1="221" v2="220" v3="222" />
            <face v1="221" v2="222" v3="223" />
            <face v1="223" v2="222" v3="224" />
            <face v1="223" v2="224" v3="225" />
            <face v1="225" v2="224" v3="226" />
            <face v1="225" v2="226" v3="227" />
            <face v1="227" v2="226" v3="228" />
            <face v1="227" v2="228" v3="229" />
            <face v1="229" v2="228" v3="230" />
            <face v1="229" v2="230" v3="231" />
            <face v1="231" v2="230" v3="232" />
            <face v1="231" v2="232" v3="233" />
            <face v1="233" v2="232" v3="234" />
            <face v1="233" v2="234" v3="235" />
            <face v1="235" v2="234" v3="236" />
            <face v1="235" v2="236" v3="237" />
            <face v1="237" v2="236" v3="238" />
            <face v1="237" v2="238" v3="239" />
            <face v1="240" v2="241" v3="242" />
            <face v1="241" v2="240" v3="243" />
            <face v1="245" v2="244" v3="246" />
            <face v1="244" v2="245" v3="247" />
            <face v1="248" v2="249" v3="250" />
            <face v1="249" v2="248" v3="251" />
            <face v1="253" v2="252" v3="254" />
            <face v1="252" v2="253" v3="255" />
            <face v1="256" v2="257" v3="258" />
            <face v1="257" v2="256" v3="259" />
            <face v1="261" v2="260" v3="262" />
            <face v1="260" v2="261" v3="263" />
            <face v1="264" v2="265" v3="266" />
            <face v1="265" v2="264" v3="267" />
            <face v1="269" v2="268" v3="270" />
            <face v1="268" v2="269" v3="271" />
            <face v1="272" v2="273" v3="274" />
            <face v1="273" v2="272" v3="275" />
            <face v1="277" v2="276" v3="278" />
            <face v1="276" v2="277" v3="279" />
            <face v1="280" v2="281" v3="282" />
            <face v1="281" v2="280" v3="283" />
            <face v1="285" v2="284" v3="286" />
            <face v1="284" v2="285" v3="287" />
         </faces>
         <geometry vertexcount="288">
            <vertexbuffer positions="true" normals="true" colours_diffuse="false"  >
               <vertex>
                  <position x="0.00535898384862114" y="0.060000000001539" z="-1.50000000000007" />
                  <normal x="-0.866025403784419" y="0.500000000000034" z="5.13751662603205e-013" />
               </vertex>
               <vertex>
                  <position x="0.00136296694843732" y="0.0503527618041009" z="-2.88764567812905e-014" />
                  <normal x="-0.965925826289064" y="0.258819045102535" z="2.65953235143208e-013" />
               </vertex>
               <vertex>
                  <position x="0.00535898384862114" y="0.0599999999999994" z="-2.59888111031614e-014" />
                  <normal x="-0.866025403784418" y="0.500000000000036" z="5.13751662603207e-013" />
               </vertex>
               <vertex>
                  <position x="0.00136296694843154" y="0.0503527618056406" z="-1.50000000000009" />
                  <normal x="-0.965925826289061" y="0.258819045102549" z="2.65953235143222e-013" />
               </vertex>
               <vertex>
                  <position x="0.00535898384862114" y="0.060000000001539" z="-1.50000000000007" />
                  <normal x="0.866025403784419" y="-0.500000000000034" z="-5.13751662603205e-013" />
               </vertex>
               <vertex>
                  <position x="0.00136296694843732" y="0.0503527618041009" z="-2.88764567812905e-014" />
                  <normal x="0.965925826289064" y="-0.258819045102535" z="-2.65953235143208e-013" />
               </vertex>
               <vertex>
                  <position x="0.00535898384862114" y="0.0599999999999994" z="-2.59888111031614e-014" />
                  <normal x="0.866025403784418" y="-0.500000000000036" z="-5.13751662603207e-013" />
               </vertex>
               <vertex>
                  <position x="0.00136296694843154" y="0.0503527618056406" z="-1.50000000000009" />
                  <normal x="0.965925826289061" y="-0.258819045102549" z="-2.65953235143222e-013" />
               </vertex>
               <vertex>
                  <position x="0.00136296694843154" y="0.0503527618056406" z="-1.50000000000009" />
                  <normal x="-0.965925826289061" y="0.258819045102549" z="2.65953235143222e-013" />
               </vertex>
               <vertex>
                  <position x="-2.88764567812905e-015" y="0.0399999999999996" z="-4.62023308500648e-014" />
                  <normal x="-1.0" y="1.90073974074098e-014" z="1.95483126556561e-026" />
               </vertex>
               <vertex>
                  <position x="0.00136296694843732" y="0.0503527618041009" z="-2.88764567812905e-014" />
                  <normal x="-0.965925826289064" y="0.258819045102535" z="2.65953235143208e-013" />
               </vertex>
               <vertex>
                  <position x="-2.88764567812905e-015" y="0.0400000000015392" z="-1.50000000000009" />
                  <normal x="-1.0" y="1.57637534053966e-014" z="1.62173190812485e-026" />
               </vertex>
               <vertex>
                  <position x="0.00136296694843154" y="0.0503527618056406" z="-1.50000000000009" />
                  <normal x="0.965925826289061" y="-0.258819045102549" z="-2.65953235143222e-013" />
               </vertex>
               <vertex>
                  <position x="-2.88764567812905e-015" y="0.0399999999999996" z="-4.62023308500648e-014" />
                  <normal x="1.0" y="-1.90073974074098e-014" z="-1.95483126556561e-026" />
               </vertex>
               <vertex>
                  <position x="0.00136296694843732" y="0.0503527618041009" z="-2.88764567812905e-014" />
                  <normal x="0.965925826289064" y="-0.258819045102535" z="-2.65953235143208e-013" />
               </vertex>
               <vertex>
                  <position x="-2.88764567812905e-015" y="0.0400000000015392" z="-1.50000000000009" />
                  <normal x="1.0" y="-1.57637534053966e-014" z="-1.62173190812485e-026" />
               </vertex>
               <vertex>
                  <position x="-2.88764567812905e-015" y="0.0400000000015392" z="-1.50000000000009" />
                  <normal x="-1.0" y="1.57637534053966e-014" z="1.62173190812485e-026" />
               </vertex>
               <vertex>
                  <position x="0.00136296694843732" y="0.0296472381958982" z="-5.48652678844519e-014" />
                  <normal x="-0.965925826289067" y="-0.258819045102527" z="-2.65953235143199e-013" />
               </vertex>
               <vertex>
                  <position x="-2.88764567812905e-015" y="0.0399999999999996" z="-4.62023308500648e-014" />
                  <normal x="-1.0" y="1.90073974074098e-014" z="1.95483126556561e-026" />
               </vertex>
               <vertex>
                  <position x="0.00136296694843443" y="0.0296472381974379" z="-1.5000000000001" />
                  <normal x="-0.965925826289065" y="-0.258819045102535" z="-2.65953235143208e-013" />
               </vertex>
               <vertex>
                  <position x="-2.88764567812905e-015" y="0.0400000000015392" z="-1.50000000000009" />
                  <normal x="1.0" y="-1.57637534053966e-014" z="-1.62173190812485e-026" />
               </vertex>
               <vertex>
                  <position x="0.00136296694843732" y="0.0296472381958982" z="-5.48652678844519e-014" />
                  <normal x="0.965925826289067" y="0.258819045102527" z="2.65953235143199e-013" />
               </vertex>
               <vertex>
                  <position x="-2.88764567812905e-015" y="0.0399999999999996" z="-4.62023308500648e-014" />
                  <normal x="1.0" y="-1.90073974074098e-014" z="-1.95483126556561e-026" />
               </vertex>
               <vertex>
                  <position x="0.00136296694843443" y="0.0296472381974379" z="-1.5000000000001" />
                  <normal x="0.965925826289065" y="0.258819045102535" z="2.65953235143208e-013" />
               </vertex>
               <vertex>
                  <position x="0.00136296694843443" y="0.0296472381974379" z="-1.5000000000001" />
                  <normal x="-0.965925826289065" y="-0.258819045102535" z="-2.65953235143208e-013" />
               </vertex>
               <vertex>
                  <position x="0.00535898384861825" y="0.0199999999999998" z="-6.93034962750971e-014" />
                  <normal x="-0.866025403784414" y="-0.500000000000044" z="-5.13765660141907e-013" />
               </vertex>
               <vertex>
                  <position x="0.00136296694843732" y="0.0296472381958982" z="-5.48652678844519e-014" />
                  <normal x="-0.965925826289067" y="-0.258819045102527" z="-2.65953235143199e-013" />
               </vertex>
               <vertex>
                  <position x="0.00535898384862114" y="0.0200000000015394" z="-1.50000000000011" />
                  <normal x="-0.8660254037844" y="-0.500000000000066" z="-5.1376566014193e-013" />
               </vertex>
               <vertex>
                  <position x="0.00136296694843443" y="0.0296472381974379" z="-1.5000000000001" />
                  <normal x="0.965925826289065" y="0.258819045102535" z="2.65953235143208e-013" />
               </vertex>
               <vertex>
                  <position x="0.00535898384861825" y="0.0199999999999998" z="-6.93034962750971e-014" />
                  <normal x="0.866025403784414" y="0.500000000000044" z="5.13765660141907e-013" />
               </vertex>
               <vertex>
                  <position x="0.00136296694843732" y="0.0296472381958982" z="-5.48652678844519e-014" />
                  <normal x="0.965925826289067" y="0.258819045102527" z="2.65953235143199e-013" />
               </vertex>
               <vertex>
                  <position x="0.00535898384862114" y="0.0200000000015394" z="-1.50000000000011" />
                  <normal x="0.8660254037844" y="0.500000000000066" z="5.1376566014193e-013" />
               </vertex>
               <vertex>
                  <position x="0.00535898384862114" y="0.0200000000015394" z="-1.50000000000011" />
                  <normal x="-0.8660254037844" y="-0.500000000000066" z="-5.1376566014193e-013" />
               </vertex>
               <vertex>
                  <position x="0.0117157287525372" y="0.0117157287525387" z="-7.50787876313552e-014" />
                  <normal x="-0.707106781186529" y="-0.707106781186566" z="-7.26556243333873e-013" />
               </vertex>
               <vertex>
                  <position x="0.00535898384861825" y="0.0199999999999998" z="-6.93034962750971e-014" />
                  <normal x="-0.866025403784414" y="-0.500000000000044" z="-5.13765660141907e-013" />
               </vertex>
               <vertex>
                  <position x="0.0117157287525372" y="0.0117157287540783" z="-1.50000000000013" />
                  <normal x="-0.707106781186549" y="-0.707106781186546" z="-7.26556243333852e-013" />
               </vertex>
               <vertex>
                  <position x="0.00535898384862114" y="0.0200000000015394" z="-1.50000000000011" />
                  <normal x="0.8660254037844" y="0.500000000000066" z="5.1376566014193e-013" />
               </vertex>
               <vertex>
                  <position x="0.0117157287525372" y="0.0117157287525387" z="-7.50787876313552e-014" />
                  <normal x="0.707106781186529" y="0.707106781186566" z="7.26556243333873e-013" />
               </vertex>
               <vertex>
                  <position x="0.00535898384861825" y="0.0199999999999998" z="-6.93034962750971e-014" />
                  <normal x="0.866025403784414" y="0.500000000000044" z="5.13765660141907e-013" />
               </vertex>
               <vertex>
                  <position x="0.0117157287525372" y="0.0117157287540783" z="-1.50000000000013" />
                  <normal x="0.707106781186549" y="0.707106781186546" z="7.26556243333852e-013" />
               </vertex>
               <vertex>
                  <position x="0.0200000000000012" y="0.00535898385016224" z="-1.50000000000013" />
                  <normal x="-0.500000000000087" y="-0.866025403784388" z="-8.89830533403735e-013" />
               </vertex>
               <vertex>
                  <position x="0.0117157287525372" y="0.0117157287525387" z="-7.50787876313552e-014" />
                  <normal x="-0.707106781186529" y="-0.707106781186566" z="-7.26556243333873e-013" />
               </vertex>
               <vertex>
                  <position x="0.0117157287525372" y="0.0117157287540783" z="-1.50000000000013" />
                  <normal x="-0.707106781186549" y="-0.707106781186546" z="-7.26556243333852e-013" />
               </vertex>
               <vertex>
                  <position x="0.0200000000000012" y="0.00535898384862259" z="-7.79664333094843e-014" />
                  <normal x="-0.500000000000043" y="-0.866025403784414" z="-8.89830533403761e-013" />
               </vertex>
               <vertex>
                  <position x="0.0200000000000012" y="0.00535898385016224" z="-1.50000000000013" />
                  <normal x="0.500000000000087" y="0.866025403784388" z="8.89830533403735e-013" />
               </vertex>
               <vertex>
                  <position x="0.0117157287525372" y="0.0117157287525387" z="-7.50787876313552e-014" />
                  <normal x="0.707106781186529" y="0.707106781186566" z="7.26556243333873e-013" />
               </vertex>
               <vertex>
                  <position x="0.0117157287525372" y="0.0117157287540783" z="-1.50000000000013" />
                  <normal x="0.707106781186549" y="0.707106781186546" z="7.26556243333852e-013" />
               </vertex>
               <vertex>
                  <position x="0.0200000000000012" y="0.00535898384862259" z="-7.79664333094843e-014" />
                  <normal x="0.500000000000043" y="0.866025403784414" z="8.89830533403761e-013" />
               </vertex>
               <vertex>
                  <position x="0.0296472381958968" y="0.00136296694997697" z="-1.50000000000013" />
                  <normal x="-0.258819045102513" y="-0.96592582628907" z="-9.9249898032306e-013" />
               </vertex>
               <vertex>
                  <position x="0.0200000000000012" y="0.00535898384862259" z="-7.79664333094843e-014" />
                  <normal x="-0.500000000000043" y="-0.866025403784414" z="-8.89830533403761e-013" />
               </vertex>
               <vertex>
                  <position x="0.0200000000000012" y="0.00535898385016224" z="-1.50000000000013" />
                  <normal x="-0.500000000000087" y="-0.866025403784388" z="-8.89830533403735e-013" />
               </vertex>
               <vertex>
                  <position x="0.0296472381958939" y="0.00136296694843732" z="-8.37417246657424e-014" />
                  <normal x="-0.258819045102527" y="-0.965925826289067" z="-9.92498980323057e-013" />
               </vertex>
               <vertex>
                  <position x="0.0296472381958968" y="0.00136296694997697" z="-1.50000000000013" />
                  <normal x="0.258819045102513" y="0.96592582628907" z="9.9249898032306e-013" />
               </vertex>
               <vertex>
                  <position x="0.0200000000000012" y="0.00535898384862259" z="-7.79664333094843e-014" />
                  <normal x="0.500000000000043" y="0.866025403784414" z="8.89830533403761e-013" />
               </vertex>
               <vertex>
                  <position x="0.0200000000000012" y="0.00535898385016224" z="-1.50000000000013" />
                  <normal x="0.500000000000087" y="0.866025403784388" z="8.89830533403735e-013" />
               </vertex>
               <vertex>
                  <position x="0.0296472381958939" y="0.00136296694843732" z="-8.37417246657424e-014" />
                  <normal x="0.258819045102527" y="0.965925826289067" z="9.92498980323057e-013" />
               </vertex>
               <vertex>
                  <position x="0.0296472381958968" y="0.00136296694997697" z="-1.50000000000013" />
                  <normal x="-0.258819045102513" y="-0.96592582628907" z="-9.9249898032306e-013" />
               </vertex>
               <vertex>
                  <position x="0.0399999999999967" y="0.0" z="-8.08540789876133e-014" />
                  <normal x="1.16111761940299e-014" y="-1.0" z="-1.02752432151448e-012" />
               </vertex>
               <vertex>
                  <position x="0.0296472381958939" y="0.00136296694843732" z="-8.37417246657424e-014" />
                  <normal x="-0.258819045102527" y="-0.965925826289067" z="-9.92498980323057e-013" />
               </vertex>
               <vertex>
                  <position x="0.0399999999999967" y="1.53965658000743e-012" z="-1.50000000000014" />
                  <normal x="1.15933539742428e-014" y="-1.0" z="-1.02752432151448e-012" />
               </vertex>
               <vertex>
                  <position x="0.0296472381958968" y="0.00136296694997697" z="-1.50000000000013" />
                  <normal x="0.258819045102513" y="0.96592582628907" z="9.9249898032306e-013" />
               </vertex>
               <vertex>
                  <position x="0.0399999999999967" y="0.0" z="-8.08540789876133e-014" />
                  <normal x="-1.16111761940299e-014" y="1.0" z="1.02752432151448e-012" />
               </vertex>
               <vertex>
                  <position x="0.0296472381958939" y="0.00136296694843732" z="-8.37417246657424e-014" />
                  <normal x="0.258819045102527" y="0.965925826289067" z="9.92498980323057e-013" />
               </vertex>
               <vertex>
                  <position x="0.0399999999999967" y="1.53965658000743e-012" z="-1.50000000000014" />
                  <normal x="-1.15933539742428e-014" y="1.0" z="1.02752432151448e-012" />
               </vertex>
               <vertex>
                  <position x="0.0503527618041024" y="0.00136296694843732" z="-8.08540789876133e-014" />
                  <normal x="0.0" y="-1.02751834818449e-012" z="1.0" />
               </vertex>
               <vertex>
                  <position x="0.0296472381958939" y="0.00136296694843732" z="-8.37417246657424e-014" />
                  <normal x="0.0" y="-1.02751834818449e-012" z="1.0" />
               </vertex>
               <vertex>
                  <position x="0.0399999999999967" y="0.0" z="-8.08540789876133e-014" />
                  <normal x="0.0" y="-1.02751834818449e-012" z="1.0" />
               </vertex>
               <vertex>
                  <position x="0.059999999999995" y="0.00535898384862259" z="-7.79664333094843e-014" />
                  <normal x="0.0" y="-1.02751834818449e-012" z="1.0" />
               </vertex>
               <vertex>
                  <position x="0.0200000000000012" y="0.00535898384862259" z="-7.79664333094843e-014" />
                  <normal x="0.0" y="-1.02751834818449e-012" z="1.0" />
               </vertex>
               <vertex>
                  <position x="0.0682842712474561" y="0.0117157287525387" z="-7.50787876313552e-014" />
                  <normal x="0.0" y="-1.02751834818449e-012" z="1.0" />
               </vertex>
               <vertex>
                  <position x="0.0117157287525372" y="0.0117157287525387" z="-7.50787876313552e-014" />
                  <normal x="0.0" y="-1.02751834818449e-012" z="1.0" />
               </vertex>
               <vertex>
                  <position x="0.0746410161513693" y="0.0199999999999998" z="-6.93034962750971e-014" />
                  <normal x="0.0" y="-1.02751834818449e-012" z="1.0" />
               </vertex>
               <vertex>
                  <position x="0.00535898384861825" y="0.0199999999999998" z="-6.93034962750971e-014" />
                  <normal x="0.0" y="-1.02751834818449e-012" z="1.0" />
               </vertex>
               <vertex>
                  <position x="0.0786370330515589" y="0.0296472381958982" z="-5.19776222063228e-014" />
                  <normal x="0.0" y="-1.02751834818449e-012" z="1.0" />
               </vertex>
               <vertex>
                  <position x="0.00136296694843732" y="0.0296472381958982" z="-5.48652678844519e-014" />
                  <normal x="0.0" y="-1.02751834818449e-012" z="1.0" />
               </vertex>
               <vertex>
                  <position x="0.0799999999999962" y="0.0399999999999996" z="-4.33146851719357e-014" />
                  <normal x="0.0" y="-1.02751834818449e-012" z="1.0" />
               </vertex>
               <vertex>
                  <position x="-2.88764567812905e-015" y="0.0399999999999996" z="-4.62023308500648e-014" />
                  <normal x="0.0" y="-1.02751834818449e-012" z="1.0" />
               </vertex>
               <vertex>
                  <position x="0.0786370330515589" y="0.0503527618041009" z="-2.88764567812905e-014" />
                  <normal x="0.0" y="-1.02751834818449e-012" z="1.0" />
               </vertex>
               <vertex>
                  <position x="0.00136296694843732" y="0.0503527618041009" z="-2.88764567812905e-014" />
                  <normal x="0.0" y="-1.02751834818449e-012" z="1.0" />
               </vertex>
               <vertex>
                  <position x="0.0746410161513751" y="0.0599999999999994" z="-2.59888111031614e-014" />
                  <normal x="0.0" y="-1.02751834818449e-012" z="1.0" />
               </vertex>
               <vertex>
                  <position x="0.00535898384862114" y="0.0599999999999994" z="-2.59888111031614e-014" />
                  <normal x="0.0" y="-1.02751834818449e-012" z="1.0" />
               </vertex>
               <vertex>
                  <position x="0.0682842712474561" y="0.0682842712474619" z="-1.73258740687743e-014" />
                  <normal x="0.0" y="-1.02751834818449e-012" z="1.0" />
               </vertex>
               <vertex>
                  <position x="0.0117157287525372" y="0.0682842712474604" z="-1.44382283906452e-014" />
                  <normal x="0.0" y="-1.02751834818449e-012" z="1.0" />
               </vertex>
               <vertex>
                  <position x="0.0199999999999955" y="0.0746410161513765" z="-1.15505827125162e-014" />
                  <normal x="0.0" y="-1.02751834818449e-012" z="1.0" />
               </vertex>
               <vertex>
                  <position x="0.059999999999995" y="0.0746410161513765" z="-1.15505827125162e-014" />
                  <normal x="0.0" y="-1.02751834818449e-012" z="1.0" />
               </vertex>
               <vertex>
                  <position x="0.0503527618041024" y="0.0786370330515618" z="-5.77529135625809e-015" />
                  <normal x="0.0" y="-1.02751834818449e-012" z="1.0" />
               </vertex>
               <vertex>
                  <position x="0.0296472381958968" y="0.0786370330515618" z="-2.88764567812905e-015" />
                  <normal x="0.0" y="-1.02751834818449e-012" z="1.0" />
               </vertex>
               <vertex>
                  <position x="0.0399999999999967" y="0.0799999999999991" z="-5.77529135625809e-015" />
                  <normal x="0.0" y="-1.02751834818449e-012" z="1.0" />
               </vertex>
               <vertex>
                  <position x="0.0503527618041024" y="0.00136296694843732" z="-8.08540789876133e-014" />
                  <normal x="-0.0" y="1.02751834818449e-012" z="-1.0" />
               </vertex>
               <vertex>
                  <position x="0.0296472381958939" y="0.00136296694843732" z="-8.37417246657424e-014" />
                  <normal x="-0.0" y="1.02751834818449e-012" z="-1.0" />
               </vertex>
               <vertex>
                  <position x="0.0399999999999967" y="0.0" z="-8.08540789876133e-014" />
                  <normal x="-0.0" y="1.02751834818449e-012" z="-1.0" />
               </vertex>
               <vertex>
                  <position x="0.059999999999995" y="0.00535898384862259" z="-7.79664333094843e-014" />
                  <normal x="-0.0" y="1.02751834818449e-012" z="-1.0" />
               </vertex>
               <vertex>
                  <position x="0.0200000000000012" y="0.00535898384862259" z="-7.79664333094843e-014" />
                  <normal x="-0.0" y="1.02751834818449e-012" z="-1.0" />
               </vertex>
               <vertex>
                  <position x="0.0682842712474561" y="0.0117157287525387" z="-7.50787876313552e-014" />
                  <normal x="-0.0" y="1.02751834818449e-012" z="-1.0" />
               </vertex>
               <vertex>
                  <position x="0.0117157287525372" y="0.0117157287525387" z="-7.50787876313552e-014" />
                  <normal x="-0.0" y="1.02751834818449e-012" z="-1.0" />
               </vertex>
               <vertex>
                  <position x="0.0746410161513693" y="0.0199999999999998" z="-6.93034962750971e-014" />
                  <normal x="-0.0" y="1.02751834818449e-012" z="-1.0" />
               </vertex>
               <vertex>
                  <position x="0.00535898384861825" y="0.0199999999999998" z="-6.93034962750971e-014" />
                  <normal x="-0.0" y="1.02751834818449e-012" z="-1.0" />
               </vertex>
               <vertex>
                  <position x="0.0786370330515589" y="0.0296472381958982" z="-5.19776222063228e-014" />
                  <normal x="-0.0" y="1.02751834818449e-012" z="-1.0" />
               </vertex>
               <vertex>
                  <position x="0.00136296694843732" y="0.0296472381958982" z="-5.48652678844519e-014" />
                  <normal x="-0.0" y="1.02751834818449e-012" z="-1.0" />
               </vertex>
               <vertex>
                  <position x="0.0799999999999962" y="0.0399999999999996" z="-4.33146851719357e-014" />
                  <normal x="-0.0" y="1.02751834818449e-012" z="-1.0" />
               </vertex>
               <vertex>
                  <position x="-2.88764567812905e-015" y="0.0399999999999996" z="-4.62023308500648e-014" />
                  <normal x="-0.0" y="1.02751834818449e-012" z="-1.0" />
               </vertex>
               <vertex>
                  <position x="0.0786370330515589" y="0.0503527618041009" z="-2.88764567812905e-014" />
                  <normal x="-0.0" y="1.02751834818449e-012" z="-1.0" />
               </vertex>
               <vertex>
                  <position x="0.00136296694843732" y="0.0503527618041009" z="-2.88764567812905e-014" />
                  <normal x="-0.0" y="1.02751834818449e-012" z="-1.0" />
               </vertex>
               <vertex>
                  <position x="0.0746410161513751" y="0.0599999999999994" z="-2.59888111031614e-014" />
                  <normal x="-0.0" y="1.02751834818449e-012" z="-1.0" />
               </vertex>
               <vertex>
                  <position x="0.00535898384862114" y="0.0599999999999994" z="-2.59888111031614e-014" />
                  <normal x="-0.0" y="1.02751834818449e-012" z="-1.0" />
               </vertex>
               <vertex>
                  <position x="0.0682842712474561" y="0.0682842712474619" z="-1.73258740687743e-014" />
                  <normal x="-0.0" y="1.02751834818449e-012" z="-1.0" />
               </vertex>
               <vertex>
                  <position x="0.0117157287525372" y="0.0682842712474604" z="-1.44382283906452e-014" />
                  <normal x="-0.0" y="1.02751834818449e-012" z="-1.0" />
               </vertex>
               <vertex>
                  <position x="0.0199999999999955" y="0.0746410161513765" z="-1.15505827125162e-014" />
                  <normal x="-0.0" y="1.02751834818449e-012" z="-1.0" />
               </vertex>
               <vertex>
                  <position x="0.059999999999995" y="0.0746410161513765" z="-1.15505827125162e-014" />
                  <normal x="-0.0" y="1.02751834818449e-012" z="-1.0" />
               </vertex>
               <vertex>
                  <position x="0.0503527618041024" y="0.0786370330515618" z="-5.77529135625809e-015" />
                  <normal x="-0.0" y="1.02751834818449e-012" z="-1.0" />
               </vertex>
               <vertex>
                  <position x="0.0296472381958968" y="0.0786370330515618" z="-2.88764567812905e-015" />
                  <normal x="-0.0" y="1.02751834818449e-012" z="-1.0" />
               </vertex>
               <vertex>
                  <position x="0.0399999999999967" y="0.0799999999999991" z="-5.77529135625809e-015" />
                  <normal x="-0.0" y="1.02751834818449e-012" z="-1.0" />
               </vertex>
               <vertex>
                  <position x="0.0503527618040966" y="0.00136296694997697" z="-1.50000000000013" />
                  <normal x="0.258819045102513" y="-0.96592582628907" z="-9.92519976631098e-013" />
               </vertex>
               <vertex>
                  <position x="0.0399999999999967" y="0.0" z="-8.08540789876133e-014" />
                  <normal x="1.16111761940299e-014" y="-1.0" z="-1.02752432151448e-012" />
               </vertex>
               <vertex>
                  <position x="0.0399999999999967" y="1.53965658000743e-012" z="-1.50000000000014" />
                  <normal x="1.15933539742428e-014" y="-1.0" z="-1.02752432151448e-012" />
               </vertex>
               <vertex>
                  <position x="0.0503527618041024" y="0.00136296694843732" z="-8.08540789876133e-014" />
                  <normal x="0.258819045102527" y="-0.965925826289067" z="-9.92519976631094e-013" />
               </vertex>
               <vertex>
                  <position x="0.0503527618040966" y="0.00136296694997697" z="-1.50000000000013" />
                  <normal x="-0.258819045102513" y="0.96592582628907" z="9.92519976631098e-013" />
               </vertex>
               <vertex>
                  <position x="0.0399999999999967" y="0.0" z="-8.08540789876133e-014" />
                  <normal x="-1.16111761940299e-014" y="1.0" z="1.02752432151448e-012" />
               </vertex>
               <vertex>
                  <position x="0.0399999999999967" y="1.53965658000743e-012" z="-1.50000000000014" />
                  <normal x="-1.15933539742428e-014" y="1.0" z="1.02752432151448e-012" />
               </vertex>
               <vertex>
                  <position x="0.0503527618041024" y="0.00136296694843732" z="-8.08540789876133e-014" />
                  <normal x="-0.258819045102527" y="0.965925826289067" z="9.92519976631094e-013" />
               </vertex>
               <vertex>
                  <position x="0.059999999999995" y="0.00535898385016224" z="-1.50000000000013" />
                  <normal x="0.500000000000067" y="-0.8660254037844" z="-8.89851529711784e-013" />
               </vertex>
               <vertex>
                  <position x="0.0503527618041024" y="0.00136296694843732" z="-8.08540789876133e-014" />
                  <normal x="0.258819045102527" y="-0.965925826289067" z="-9.92519976631094e-013" />
               </vertex>
               <vertex>
                  <position x="0.0503527618040966" y="0.00136296694997697" z="-1.50000000000013" />
                  <normal x="0.258819045102513" y="-0.96592582628907" z="-9.92519976631098e-013" />
               </vertex>
               <vertex>
                  <position x="0.059999999999995" y="0.00535898384862259" z="-7.79664333094843e-014" />
                  <normal x="0.500000000000033" y="-0.86602540378442" z="-8.89851529711804e-013" />
               </vertex>
               <vertex>
                  <position x="0.059999999999995" y="0.00535898385016224" z="-1.50000000000013" />
                  <normal x="-0.500000000000067" y="0.8660254037844" z="8.89851529711784e-013" />
               </vertex>
               <vertex>
                  <position x="0.0503527618041024" y="0.00136296694843732" z="-8.08540789876133e-014" />
                  <normal x="-0.258819045102527" y="0.965925826289067" z="9.92519976631094e-013" />
               </vertex>
               <vertex>
                  <position x="0.0503527618040966" y="0.00136296694997697" z="-1.50000000000013" />
                  <normal x="-0.258819045102513" y="0.96592582628907" z="9.92519976631098e-013" />
               </vertex>
               <vertex>
                  <position x="0.059999999999995" y="0.00535898384862259" z="-7.79664333094843e-014" />
                  <normal x="-0.500000000000033" y="0.86602540378442" z="8.89851529711804e-013" />
               </vertex>
               <vertex>
                  <position x="0.0682842712474561" y="0.0117157287540783" z="-1.50000000000012" />
                  <normal x="0.707106781186549" y="-0.707106781186546" z="-7.26542245795161e-013" />
               </vertex>
               <vertex>
                  <position x="0.059999999999995" y="0.00535898384862259" z="-7.79664333094843e-014" />
                  <normal x="0.500000000000033" y="-0.86602540378442" z="-8.89851529711804e-013" />
               </vertex>
               <vertex>
                  <position x="0.059999999999995" y="0.00535898385016224" z="-1.50000000000013" />
                  <normal x="0.500000000000067" y="-0.8660254037844" z="-8.89851529711784e-013" />
               </vertex>
               <vertex>
                  <position x="0.0682842712474561" y="0.0117157287525387" z="-7.50787876313552e-014" />
                  <normal x="0.707106781186529" y="-0.707106781186566" z="-7.26542245795181e-013" />
               </vertex>
               <vertex>
                  <position x="0.0682842712474561" y="0.0117157287540783" z="-1.50000000000012" />
                  <normal x="-0.707106781186549" y="0.707106781186546" z="7.26542245795161e-013" />
               </vertex>
               <vertex>
                  <position x="0.059999999999995" y="0.00535898384862259" z="-7.79664333094843e-014" />
                  <normal x="-0.500000000000033" y="0.86602540378442" z="8.89851529711804e-013" />
               </vertex>
               <vertex>
                  <position x="0.059999999999995" y="0.00535898385016224" z="-1.50000000000013" />
                  <normal x="-0.500000000000067" y="0.8660254037844" z="8.89851529711784e-013" />
               </vertex>
               <vertex>
                  <position x="0.0682842712474561" y="0.0117157287525387" z="-7.50787876313552e-014" />
                  <normal x="-0.707106781186529" y="0.707106781186566" z="7.26542245795181e-013" />
               </vertex>
               <vertex>
                  <position x="0.0682842712474561" y="0.0117157287525387" z="-7.50787876313552e-014" />
                  <normal x="0.707106781186529" y="-0.707106781186566" z="-7.26542245795181e-013" />
               </vertex>
               <vertex>
                  <position x="0.0746410161513751" y="0.0200000000015394" z="-1.50000000000011" />
                  <normal x="0.866025403784406" y="-0.500000000000056" z="-5.13751662603228e-013" />
               </vertex>
               <vertex>
                  <position x="0.0746410161513693" y="0.0199999999999998" z="-6.93034962750971e-014" />
                  <normal x="0.866025403784419" y="-0.500000000000034" z="-5.13751662603205e-013" />
               </vertex>
               <vertex>
                  <position x="0.0682842712474561" y="0.0117157287540783" z="-1.50000000000012" />
                  <normal x="0.707106781186549" y="-0.707106781186546" z="-7.26542245795161e-013" />
               </vertex>
               <vertex>
                  <position x="0.0682842712474561" y="0.0117157287525387" z="-7.50787876313552e-014" />
                  <normal x="-0.707106781186529" y="0.707106781186566" z="7.26542245795181e-013" />
               </vertex>
               <vertex>
                  <position x="0.0746410161513751" y="0.0200000000015394" z="-1.50000000000011" />
                  <normal x="-0.866025403784406" y="0.500000000000056" z="5.13751662603228e-013" />
               </vertex>
               <vertex>
                  <position x="0.0746410161513693" y="0.0199999999999998" z="-6.93034962750971e-014" />
                  <normal x="-0.866025403784419" y="0.500000000000034" z="5.13751662603205e-013" />
               </vertex>
               <vertex>
                  <position x="0.0682842712474561" y="0.0117157287540783" z="-1.50000000000012" />
                  <normal x="-0.707106781186549" y="0.707106781186546" z="7.26542245795161e-013" />
               </vertex>
               <vertex>
                  <position x="0.0746410161513693" y="0.0199999999999998" z="-6.93034962750971e-014" />
                  <normal x="0.866025403784419" y="-0.500000000000034" z="-5.13751662603205e-013" />
               </vertex>
               <vertex>
                  <position x="0.0786370330515589" y="0.0296472381974379" z="-1.5000000000001" />
                  <normal x="0.965925826289067" y="-0.258819045102524" z="-2.65953235143196e-013" />
               </vertex>
               <vertex>
                  <position x="0.0786370330515589" y="0.0296472381958982" z="-5.19776222063228e-014" />
                  <normal x="0.96592582628907" y="-0.258819045102515" z="-2.65953235143187e-013" />
               </vertex>
               <vertex>
                  <position x="0.0746410161513751" y="0.0200000000015394" z="-1.50000000000011" />
                  <normal x="0.866025403784406" y="-0.500000000000056" z="-5.13751662603228e-013" />
               </vertex>
               <vertex>
                  <position x="0.0746410161513693" y="0.0199999999999998" z="-6.93034962750971e-014" />
                  <normal x="-0.866025403784419" y="0.500000000000034" z="5.13751662603205e-013" />
               </vertex>
               <vertex>
                  <position x="0.0786370330515589" y="0.0296472381974379" z="-1.5000000000001" />
                  <normal x="-0.965925826289067" y="0.258819045102524" z="2.65953235143196e-013" />
               </vertex>
               <vertex>
                  <position x="0.0786370330515589" y="0.0296472381958982" z="-5.19776222063228e-014" />
                  <normal x="-0.96592582628907" y="0.258819045102515" z="2.65953235143187e-013" />
               </vertex>
               <vertex>
                  <position x="0.0746410161513751" y="0.0200000000015394" z="-1.50000000000011" />
                  <normal x="-0.866025403784406" y="0.500000000000056" z="5.13751662603228e-013" />
               </vertex>
               <vertex>
                  <position x="0.0786370330515589" y="0.0296472381958982" z="-5.19776222063228e-014" />
                  <normal x="0.96592582628907" y="-0.258819045102515" z="-2.65953235143187e-013" />
               </vertex>
               <vertex>
                  <position x="0.0799999999999962" y="0.0400000000015392" z="-1.50000000000009" />
                  <normal x="1.0" y="4.17931054105876e-015" z="4.27923262114016e-027" />
               </vertex>
               <vertex>
                  <position x="0.0799999999999962" y="0.0399999999999996" z="-4.33146851719357e-014" />
                  <normal x="1.0" y="7.41404343317692e-015" z="7.60212158831139e-027" />
               </vertex>
               <vertex>
                  <position x="0.0786370330515589" y="0.0296472381974379" z="-1.5000000000001" />
                  <normal x="0.965925826289067" y="-0.258819045102524" z="-2.65953235143196e-013" />
               </vertex>
               <vertex>
                  <position x="0.0786370330515589" y="0.0296472381958982" z="-5.19776222063228e-014" />
                  <normal x="-0.96592582628907" y="0.258819045102515" z="2.65953235143187e-013" />
               </vertex>
               <vertex>
                  <position x="0.0799999999999962" y="0.0400000000015392" z="-1.50000000000009" />
                  <normal x="-1.0" y="-4.17931054105876e-015" z="-4.27923262114016e-027" />
               </vertex>
               <vertex>
                  <position x="0.0799999999999962" y="0.0399999999999996" z="-4.33146851719357e-014" />
                  <normal x="-1.0" y="-7.41404343317692e-015" z="-7.60212158831139e-027" />
               </vertex>
               <vertex>
                  <position x="0.0786370330515589" y="0.0296472381974379" z="-1.5000000000001" />
                  <normal x="-0.965925826289067" y="0.258819045102524" z="2.65953235143196e-013" />
               </vertex>
               <vertex>
                  <position x="0.0799999999999962" y="0.0399999999999996" z="-4.33146851719357e-014" />
                  <normal x="1.0" y="7.41404343317692e-015" z="7.60212158831139e-027" />
               </vertex>
               <vertex>
                  <position x="0.0786370330515589" y="0.0503527618056406" z="-1.50000000000008" />
                  <normal x="0.96592582628907" y="0.258819045102515" z="2.65953235143187e-013" />
               </vertex>
               <vertex>
                  <position x="0.0786370330515589" y="0.0503527618041009" z="-2.88764567812905e-014" />
                  <normal x="0.965925826289067" y="0.258819045102524" z="2.65953235143196e-013" />
               </vertex>
               <vertex>
                  <position x="0.0799999999999962" y="0.0400000000015392" z="-1.50000000000009" />
                  <normal x="1.0" y="4.17931054105876e-015" z="4.27923262114016e-027" />
               </vertex>
               <vertex>
                  <position x="0.0799999999999962" y="0.0399999999999996" z="-4.33146851719357e-014" />
                  <normal x="-1.0" y="-7.41404343317692e-015" z="-7.60212158831139e-027" />
               </vertex>
               <vertex>
                  <position x="0.0786370330515589" y="0.0503527618056406" z="-1.50000000000008" />
                  <normal x="-0.96592582628907" y="-0.258819045102515" z="-2.65953235143187e-013" />
               </vertex>
               <vertex>
                  <position x="0.0786370330515589" y="0.0503527618041009" z="-2.88764567812905e-014" />
                  <normal x="-0.965925826289067" y="-0.258819045102524" z="-2.65953235143196e-013" />
               </vertex>
               <vertex>
                  <position x="0.0799999999999962" y="0.0400000000015392" z="-1.50000000000009" />
                  <normal x="-1.0" y="-4.17931054105876e-015" z="-4.27923262114016e-027" />
               </vertex>
               <vertex>
                  <position x="0.0786370330515589" y="0.0503527618041009" z="-2.88764567812905e-014" />
                  <normal x="0.965925826289067" y="0.258819045102524" z="2.65953235143196e-013" />
               </vertex>
               <vertex>
                  <position x="0.0746410161513751" y="0.060000000001539" z="-1.50000000000007" />
                  <normal x="0.866025403784452" y="0.499999999999977" z="5.13751662603181e-013" />
               </vertex>
               <vertex>
                  <position x="0.0746410161513751" y="0.0599999999999994" z="-2.59888111031614e-014" />
                  <normal x="0.866025403784445" y="0.49999999999999" z="5.13751662603194e-013" />
               </vertex>
               <vertex>
                  <position x="0.0786370330515589" y="0.0503527618056406" z="-1.50000000000008" />
                  <normal x="0.96592582628907" y="0.258819045102515" z="2.65953235143187e-013" />
               </vertex>
               <vertex>
                  <position x="0.0786370330515589" y="0.0503527618041009" z="-2.88764567812905e-014" />
                  <normal x="-0.965925826289067" y="-0.258819045102524" z="-2.65953235143196e-013" />
               </vertex>
               <vertex>
                  <position x="0.0746410161513751" y="0.060000000001539" z="-1.50000000000007" />
                  <normal x="-0.866025403784452" y="-0.499999999999977" z="-5.13751662603181e-013" />
               </vertex>
               <vertex>
                  <position x="0.0746410161513751" y="0.0599999999999994" z="-2.59888111031614e-014" />
                  <normal x="-0.866025403784445" y="-0.49999999999999" z="-5.13751662603194e-013" />
               </vertex>
               <vertex>
                  <position x="0.0786370330515589" y="0.0503527618056406" z="-1.50000000000008" />
                  <normal x="-0.96592582628907" y="-0.258819045102515" z="-2.65953235143187e-013" />
               </vertex>
               <vertex>
                  <position x="0.0746410161513751" y="0.0599999999999994" z="-2.59888111031614e-014" />
                  <normal x="0.866025403784445" y="0.49999999999999" z="5.13751662603194e-013" />
               </vertex>
               <vertex>
                  <position x="0.068284271247459" y="0.0682842712490015" z="-1.50000000000005" />
                  <normal x="0.707106781186537" y="0.707106781186558" z="7.26542245795173e-013" />
               </vertex>
               <vertex>
                  <position x="0.0682842712474561" y="0.0682842712474619" z="-1.73258740687743e-014" />
                  <normal x="0.70710678118654" y="0.707106781186555" z="7.2654224579517e-013" />
               </vertex>
               <vertex>
                  <position x="0.0746410161513751" y="0.060000000001539" z="-1.50000000000007" />
                  <normal x="0.866025403784452" y="0.499999999999977" z="5.13751662603181e-013" />
               </vertex>
               <vertex>
                  <position x="0.0746410161513751" y="0.0599999999999994" z="-2.59888111031614e-014" />
                  <normal x="-0.866025403784445" y="-0.49999999999999" z="-5.13751662603194e-013" />
               </vertex>
               <vertex>
                  <position x="0.068284271247459" y="0.0682842712490015" z="-1.50000000000005" />
                  <normal x="-0.707106781186537" y="-0.707106781186558" z="-7.26542245795173e-013" />
               </vertex>
               <vertex>
                  <position x="0.0682842712474561" y="0.0682842712474619" z="-1.73258740687743e-014" />
                  <normal x="-0.70710678118654" y="-0.707106781186555" z="-7.2654224579517e-013" />
               </vertex>
               <vertex>
                  <position x="0.0746410161513751" y="0.060000000001539" z="-1.50000000000007" />
                  <normal x="-0.866025403784452" y="-0.499999999999977" z="-5.13751662603181e-013" />
               </vertex>
               <vertex>
                  <position x="0.0682842712474561" y="0.0682842712474619" z="-1.73258740687743e-014" />
                  <normal x="0.70710678118654" y="0.707106781186555" z="7.2654224579517e-013" />
               </vertex>
               <vertex>
                  <position x="0.0599999999999979" y="0.0746410161529162" z="-1.50000000000005" />
                  <normal x="0.499999999999966" y="0.866025403784458" z="8.89830533403772e-013" />
               </vertex>
               <vertex>
                  <position x="0.059999999999995" y="0.0746410161513765" z="-1.15505827125162e-014" />
                  <normal x="0.499999999999999" y="0.866025403784439" z="8.89830533403752e-013" />
               </vertex>
               <vertex>
                  <position x="0.068284271247459" y="0.0682842712490015" z="-1.50000000000005" />
                  <normal x="0.707106781186537" y="0.707106781186558" z="7.26542245795173e-013" />
               </vertex>
               <vertex>
                  <position x="0.0682842712474561" y="0.0682842712474619" z="-1.73258740687743e-014" />
                  <normal x="-0.70710678118654" y="-0.707106781186555" z="-7.2654224579517e-013" />
               </vertex>
               <vertex>
                  <position x="0.0599999999999979" y="0.0746410161529162" z="-1.50000000000005" />
                  <normal x="-0.499999999999966" y="-0.866025403784458" z="-8.89830533403772e-013" />
               </vertex>
               <vertex>
                  <position x="0.059999999999995" y="0.0746410161513765" z="-1.15505827125162e-014" />
                  <normal x="-0.499999999999999" y="-0.866025403784439" z="-8.89830533403752e-013" />
               </vertex>
               <vertex>
                  <position x="0.068284271247459" y="0.0682842712490015" z="-1.50000000000005" />
                  <normal x="-0.707106781186537" y="-0.707106781186558" z="-7.26542245795173e-013" />
               </vertex>
               <vertex>
                  <position x="0.0296472381958968" y="0.00136296694997697" z="-1.50000000000013" />
                  <normal x="0.0" y="1.02751834818449e-012" z="-1.0" />
               </vertex>
               <vertex>
                  <position x="0.0503527618040966" y="0.00136296694997697" z="-1.50000000000013" />
                  <normal x="0.0" y="1.02751834818449e-012" z="-1.0" />
               </vertex>
               <vertex>
                  <position x="0.0399999999999967" y="1.53965658000743e-012" z="-1.50000000000014" />
                  <normal x="0.0" y="1.02751834818449e-012" z="-1.0" />
               </vertex>
               <vertex>
                  <position x="0.0200000000000012" y="0.00535898385016224" z="-1.50000000000013" />
                  <normal x="0.0" y="1.02751834818449e-012" z="-1.0" />
               </vertex>
               <vertex>
                  <position x="0.059999999999995" y="0.00535898385016224" z="-1.50000000000013" />
                  <normal x="0.0" y="1.02751834818449e-012" z="-1.0" />
               </vertex>
               <vertex>
                  <position x="0.0117157287525372" y="0.0117157287540783" z="-1.50000000000013" />
                  <normal x="0.0" y="1.02751834818449e-012" z="-1.0" />
               </vertex>
               <vertex>
                  <position x="0.0682842712474561" y="0.0117157287540783" z="-1.50000000000012" />
                  <normal x="0.0" y="1.02751834818449e-012" z="-1.0" />
               </vertex>
               <vertex>
                  <position x="0.00535898384862114" y="0.0200000000015394" z="-1.50000000000011" />
                  <normal x="0.0" y="1.02751834818449e-012" z="-1.0" />
               </vertex>
               <vertex>
                  <position x="0.0746410161513751" y="0.0200000000015394" z="-1.50000000000011" />
                  <normal x="0.0" y="1.02751834818449e-012" z="-1.0" />
               </vertex>
               <vertex>
                  <position x="0.00136296694843443" y="0.0296472381974379" z="-1.5000000000001" />
                  <normal x="0.0" y="1.02751834818449e-012" z="-1.0" />
               </vertex>
               <vertex>
                  <position x="0.0786370330515589" y="0.0296472381974379" z="-1.5000000000001" />
                  <normal x="0.0" y="1.02751834818449e-012" z="-1.0" />
               </vertex>
               <vertex>
                  <position x="-2.88764567812905e-015" y="0.0400000000015392" z="-1.50000000000009" />
                  <normal x="0.0" y="1.02751834818449e-012" z="-1.0" />
               </vertex>
               <vertex>
                  <position x="0.0799999999999962" y="0.0400000000015392" z="-1.50000000000009" />
                  <normal x="0.0" y="1.02751834818449e-012" z="-1.0" />
               </vertex>
               <vertex>
                  <position x="0.00136296694843154" y="0.0503527618056406" z="-1.50000000000009" />
                  <normal x="0.0" y="1.02751834818449e-012" z="-1.0" />
               </vertex>
               <vertex>
                  <position x="0.0786370330515589" y="0.0503527618056406" z="-1.50000000000008" />
                  <normal x="0.0" y="1.02751834818449e-012" z="-1.0" />
               </vertex>
               <vertex>
                  <position x="0.00535898384862114" y="0.060000000001539" z="-1.50000000000007" />
                  <normal x="0.0" y="1.02751834818449e-012" z="-1.0" />
               </vertex>
               <vertex>
                  <position x="0.0746410161513751" y="0.060000000001539" z="-1.50000000000007" />
                  <normal x="0.0" y="1.02751834818449e-012" z="-1.0" />
               </vertex>
               <vertex>
                  <position x="0.0117157287525372" y="0.0682842712490001" z="-1.50000000000006" />
                  <normal x="0.0" y="1.02751834818449e-012" z="-1.0" />
               </vertex>
               <vertex>
                  <position x="0.068284271247459" y="0.0682842712490015" z="-1.50000000000005" />
                  <normal x="0.0" y="1.02751834818449e-012" z="-1.0" />
               </vertex>
               <vertex>
                  <position x="0.0199999999999983" y="0.0746410161529162" z="-1.50000000000005" />
                  <normal x="0.0" y="1.02751834818449e-012" z="-1.0" />
               </vertex>
               <vertex>
                  <position x="0.0599999999999979" y="0.0746410161529162" z="-1.50000000000005" />
                  <normal x="0.0" y="1.02751834818449e-012" z="-1.0" />
               </vertex>
               <vertex>
                  <position x="0.0296472381958968" y="0.0786370330531015" z="-1.50000000000006" />
                  <normal x="0.0" y="1.02751834818449e-012" z="-1.0" />
               </vertex>
               <vertex>
                  <position x="0.0503527618040966" y="0.0786370330531015" z="-1.50000000000005" />
                  <normal x="0.0" y="1.02751834818449e-012" z="-1.0" />
               </vertex>
               <vertex>
                  <position x="0.0399999999999967" y="0.0800000000015388" z="-1.50000000000005" />
                  <normal x="0.0" y="1.02751834818449e-012" z="-1.0" />
               </vertex>
               <vertex>
                  <position x="0.0296472381958968" y="0.00136296694997697" z="-1.50000000000013" />
                  <normal x="-0.0" y="-1.02751834818449e-012" z="1.0" />
               </vertex>
               <vertex>
                  <position x="0.0503527618040966" y="0.00136296694997697" z="-1.50000000000013" />
                  <normal x="-0.0" y="-1.02751834818449e-012" z="1.0" />
               </vertex>
               <vertex>
                  <position x="0.0399999999999967" y="1.53965658000743e-012" z="-1.50000000000014" />
                  <normal x="-0.0" y="-1.02751834818449e-012" z="1.0" />
               </vertex>
               <vertex>
                  <position x="0.0200000000000012" y="0.00535898385016224" z="-1.50000000000013" />
                  <normal x="-0.0" y="-1.02751834818449e-012" z="1.0" />
               </vertex>
               <vertex>
                  <position x="0.059999999999995" y="0.00535898385016224" z="-1.50000000000013" />
                  <normal x="-0.0" y="-1.02751834818449e-012" z="1.0" />
               </vertex>
               <vertex>
                  <position x="0.0117157287525372" y="0.0117157287540783" z="-1.50000000000013" />
                  <normal x="-0.0" y="-1.02751834818449e-012" z="1.0" />
               </vertex>
               <vertex>
                  <position x="0.0682842712474561" y="0.0117157287540783" z="-1.50000000000012" />
                  <normal x="-0.0" y="-1.02751834818449e-012" z="1.0" />
               </vertex>
               <vertex>
                  <position x="0.00535898384862114" y="0.0200000000015394" z="-1.50000000000011" />
                  <normal x="-0.0" y="-1.02751834818449e-012" z="1.0" />
               </vertex>
               <vertex>
                  <position x="0.0746410161513751" y="0.0200000000015394" z="-1.50000000000011" />
                  <normal x="-0.0" y="-1.02751834818449e-012" z="1.0" />
               </vertex>
               <vertex>
                  <position x="0.00136296694843443" y="0.0296472381974379" z="-1.5000000000001" />
                  <normal x="-0.0" y="-1.02751834818449e-012" z="1.0" />
               </vertex>
               <vertex>
                  <position x="0.0786370330515589" y="0.0296472381974379" z="-1.5000000000001" />
                  <normal x="-0.0" y="-1.02751834818449e-012" z="1.0" />
               </vertex>
               <vertex>
                  <position x="-2.88764567812905e-015" y="0.0400000000015392" z="-1.50000000000009" />
                  <normal x="-0.0" y="-1.02751834818449e-012" z="1.0" />
               </vertex>
               <vertex>
                  <position x="0.0799999999999962" y="0.0400000000015392" z="-1.50000000000009" />
                  <normal x="-0.0" y="-1.02751834818449e-012" z="1.0" />
               </vertex>
               <vertex>
                  <position x="0.00136296694843154" y="0.0503527618056406" z="-1.50000000000009" />
                  <normal x="-0.0" y="-1.02751834818449e-012" z="1.0" />
               </vertex>
               <vertex>
                  <position x="0.0786370330515589" y="0.0503527618056406" z="-1.50000000000008" />
                  <normal x="-0.0" y="-1.02751834818449e-012" z="1.0" />
               </vertex>
               <vertex>
                  <position x="0.00535898384862114" y="0.060000000001539" z="-1.50000000000007" />
                  <normal x="-0.0" y="-1.02751834818449e-012" z="1.0" />
               </vertex>
               <vertex>
                  <position x="0.0746410161513751" y="0.060000000001539" z="-1.50000000000007" />
                  <normal x="-0.0" y="-1.02751834818449e-012" z="1.0" />
               </vertex>
               <vertex>
                  <position x="0.0117157287525372" y="0.0682842712490001" z="-1.50000000000006" />
                  <normal x="-0.0" y="-1.02751834818449e-012" z="1.0" />
               </vertex>
               <vertex>
                  <position x="0.068284271247459" y="0.0682842712490015" z="-1.50000000000005" />
                  <normal x="-0.0" y="-1.02751834818449e-012" z="1.0" />
               </vertex>
               <vertex>
                  <position x="0.0199999999999983" y="0.0746410161529162" z="-1.50000000000005" />
                  <normal x="-0.0" y="-1.02751834818449e-012" z="1.0" />
               </vertex>
               <vertex>
                  <position x="0.0599999999999979" y="0.0746410161529162" z="-1.50000000000005" />
                  <normal x="-0.0" y="-1.02751834818449e-012" z="1.0" />
               </vertex>
               <vertex>
                  <position x="0.0296472381958968" y="0.0786370330531015" z="-1.50000000000006" />
                  <normal x="-0.0" y="-1.02751834818449e-012" z="1.0" />
               </vertex>
               <vertex>
                  <position x="0.0503527618040966" y="0.0786370330531015" z="-1.50000000000005" />
                  <normal x="-0.0" y="-1.02751834818449e-012" z="1.0" />
               </vertex>
               <vertex>
                  <position x="0.0399999999999967" y="0.0800000000015388" z="-1.50000000000005" />
                  <normal x="-0.0" y="-1.02751834818449e-012" z="1.0" />
               </vertex>
               <vertex>
                  <position x="0.0117157287525372" y="0.0682842712490001" z="-1.50000000000006" />
                  <normal x="-0.707106781186562" y="0.707106781186533" z="7.26542245795147e-013" />
               </vertex>
               <vertex>
                  <position x="0.00535898384862114" y="0.0599999999999994" z="-2.59888111031614e-014" />
                  <normal x="-0.866025403784418" y="0.500000000000036" z="5.13751662603207e-013" />
               </vertex>
               <vertex>
                  <position x="0.0117157287525372" y="0.0682842712474604" z="-1.44382283906452e-014" />
                  <normal x="-0.707106781186549" y="0.707106781186546" z="7.26542245795161e-013" />
               </vertex>
               <vertex>
                  <position x="0.00535898384862114" y="0.060000000001539" z="-1.50000000000007" />
                  <normal x="-0.866025403784419" y="0.500000000000034" z="5.13751662603205e-013" />
               </vertex>
               <vertex>
                  <position x="0.0117157287525372" y="0.0682842712490001" z="-1.50000000000006" />
                  <normal x="0.707106781186562" y="-0.707106781186533" z="-7.26542245795147e-013" />
               </vertex>
               <vertex>
                  <position x="0.00535898384862114" y="0.0599999999999994" z="-2.59888111031614e-014" />
                  <normal x="0.866025403784418" y="-0.500000000000036" z="-5.13751662603207e-013" />
               </vertex>
               <vertex>
                  <position x="0.0117157287525372" y="0.0682842712474604" z="-1.44382283906452e-014" />
                  <normal x="0.707106781186549" y="-0.707106781186546" z="-7.26542245795161e-013" />
               </vertex>
               <vertex>
                  <position x="0.00535898384862114" y="0.060000000001539" z="-1.50000000000007" />
                  <normal x="0.866025403784419" y="-0.500000000000034" z="-5.13751662603205e-013" />
               </vertex>
               <vertex>
                  <position x="0.0199999999999955" y="0.0746410161513765" z="-1.15505827125162e-014" />
                  <normal x="-0.500000000000047" y="0.866025403784412" z="8.89851529711796e-013" />
               </vertex>
               <vertex>
                  <position x="0.0117157287525372" y="0.0682842712490001" z="-1.50000000000006" />
                  <normal x="-0.707106781186562" y="0.707106781186533" z="7.26542245795147e-013" />
               </vertex>
               <vertex>
                  <position x="0.0117157287525372" y="0.0682842712474604" z="-1.44382283906452e-014" />
                  <normal x="-0.707106781186549" y="0.707106781186546" z="7.26542245795161e-013" />
               </vertex>
               <vertex>
                  <position x="0.0199999999999983" y="0.0746410161529162" z="-1.50000000000005" />
                  <normal x="-0.500000000000033" y="0.86602540378442" z="8.89851529711805e-013" />
               </vertex>
               <vertex>
                  <position x="0.0199999999999955" y="0.0746410161513765" z="-1.15505827125162e-014" />
                  <normal x="0.500000000000047" y="-0.866025403784412" z="-8.89851529711796e-013" />
               </vertex>
               <vertex>
                  <position x="0.0117157287525372" y="0.0682842712490001" z="-1.50000000000006" />
                  <normal x="0.707106781186562" y="-0.707106781186533" z="-7.26542245795147e-013" />
               </vertex>
               <vertex>
                  <position x="0.0117157287525372" y="0.0682842712474604" z="-1.44382283906452e-014" />
                  <normal x="0.707106781186549" y="-0.707106781186546" z="-7.26542245795161e-013" />
               </vertex>
               <vertex>
                  <position x="0.0199999999999983" y="0.0746410161529162" z="-1.50000000000005" />
                  <normal x="0.500000000000033" y="-0.86602540378442" z="-8.89851529711805e-013" />
               </vertex>
               <vertex>
                  <position x="0.0296472381958968" y="0.0786370330515618" z="-2.88764567812905e-015" />
                  <normal x="-0.258819045102536" y="0.965925826289064" z="9.92519976631092e-013" />
               </vertex>
               <vertex>
                  <position x="0.0199999999999983" y="0.0746410161529162" z="-1.50000000000005" />
                  <normal x="-0.500000000000033" y="0.86602540378442" z="8.89851529711805e-013" />
               </vertex>
               <vertex>
                  <position x="0.0199999999999955" y="0.0746410161513765" z="-1.15505827125162e-014" />
                  <normal x="-0.500000000000047" y="0.866025403784412" z="8.89851529711796e-013" />
               </vertex>
               <vertex>
                  <position x="0.0296472381958968" y="0.0786370330531015" z="-1.50000000000006" />
                  <normal x="-0.258819045102526" y="0.965925826289067" z="9.92519976631094e-013" />
               </vertex>
               <vertex>
                  <position x="0.0296472381958968" y="0.0786370330515618" z="-2.88764567812905e-015" />
                  <normal x="0.258819045102536" y="-0.965925826289064" z="-9.92519976631092e-013" />
               </vertex>
               <vertex>
                  <position x="0.0199999999999983" y="0.0746410161529162" z="-1.50000000000005" />
                  <normal x="0.500000000000033" y="-0.86602540378442" z="-8.89851529711805e-013" />
               </vertex>
               <vertex>
                  <position x="0.0199999999999955" y="0.0746410161513765" z="-1.15505827125162e-014" />
                  <normal x="0.500000000000047" y="-0.866025403784412" z="-8.89851529711796e-013" />
               </vertex>
               <vertex>
                  <position x="0.0296472381958968" y="0.0786370330531015" z="-1.50000000000006" />
                  <normal x="0.258819045102526" y="-0.965925826289067" z="-9.92519976631094e-013" />
               </vertex>
               <vertex>
                  <position x="0.0399999999999967" y="0.0799999999999991" z="-5.77529135625809e-015" />
                  <normal x="-1.15933539742346e-014" y="1.0" z="1.02752432151448e-012" />
               </vertex>
               <vertex>
                  <position x="0.0296472381958968" y="0.0786370330531015" z="-1.50000000000006" />
                  <normal x="-0.258819045102526" y="0.965925826289067" z="9.92519976631094e-013" />
               </vertex>
               <vertex>
                  <position x="0.0296472381958968" y="0.0786370330515618" z="-2.88764567812905e-015" />
                  <normal x="-0.258819045102536" y="0.965925826289064" z="9.92519976631092e-013" />
               </vertex>
               <vertex>
                  <position x="0.0399999999999967" y="0.0800000000015388" z="-1.50000000000005" />
                  <normal x="-1.16111761940258e-014" y="1.0" z="1.02752432151448e-012" />
               </vertex>
               <vertex>
                  <position x="0.0399999999999967" y="0.0799999999999991" z="-5.77529135625809e-015" />
                  <normal x="1.15933539742346e-014" y="-1.0" z="-1.02752432151448e-012" />
               </vertex>
               <vertex>
                  <position x="0.0296472381958968" y="0.0786370330531015" z="-1.50000000000006" />
                  <normal x="0.258819045102526" y="-0.965925826289067" z="-9.92519976631094e-013" />
               </vertex>
               <vertex>
                  <position x="0.0296472381958968" y="0.0786370330515618" z="-2.88764567812905e-015" />
                  <normal x="0.258819045102536" y="-0.965925826289064" z="-9.92519976631092e-013" />
               </vertex>
               <vertex>
                  <position x="0.0399999999999967" y="0.0800000000015388" z="-1.50000000000005" />
                  <normal x="1.16111761940258e-014" y="-1.0" z="-1.02752432151448e-012" />
               </vertex>
               <vertex>
                  <position x="0.0503527618041024" y="0.0786370330515618" z="-5.77529135625809e-015" />
                  <normal x="0.258819045102536" y="0.965925826289064" z="9.92498980323054e-013" />
               </vertex>
               <vertex>
                  <position x="0.0399999999999967" y="0.0800000000015388" z="-1.50000000000005" />
                  <normal x="-1.16111761940258e-014" y="1.0" z="1.02752432151448e-012" />
               </vertex>
               <vertex>
                  <position x="0.0399999999999967" y="0.0799999999999991" z="-5.77529135625809e-015" />
                  <normal x="-1.15933539742346e-014" y="1.0" z="1.02752432151448e-012" />
               </vertex>
               <vertex>
                  <position x="0.0503527618040966" y="0.0786370330531015" z="-1.50000000000005" />
                  <normal x="0.258819045102526" y="0.965925826289067" z="9.92498980323057e-013" />
               </vertex>
               <vertex>
                  <position x="0.0503527618041024" y="0.0786370330515618" z="-5.77529135625809e-015" />
                  <normal x="-0.258819045102536" y="-0.965925826289064" z="-9.92498980323054e-013" />
               </vertex>
               <vertex>
                  <position x="0.0399999999999967" y="0.0800000000015388" z="-1.50000000000005" />
                  <normal x="1.16111761940258e-014" y="-1.0" z="-1.02752432151448e-012" />
               </vertex>
               <vertex>
                  <position x="0.0399999999999967" y="0.0799999999999991" z="-5.77529135625809e-015" />
                  <normal x="1.15933539742346e-014" y="-1.0" z="-1.02752432151448e-012" />
               </vertex>
               <vertex>
                  <position x="0.0503527618040966" y="0.0786370330531015" z="-1.50000000000005" />
                  <normal x="-0.258819045102526" y="-0.965925826289067" z="-9.92498980323057e-013" />
               </vertex>
               <vertex>
                  <position x="0.0503527618041024" y="0.0786370330515618" z="-5.77529135625809e-015" />
                  <normal x="0.258819045102536" y="0.965925826289064" z="9.92498980323054e-013" />
               </vertex>
               <vertex>
                  <position x="0.0599999999999979" y="0.0746410161529162" z="-1.50000000000005" />
                  <normal x="0.499999999999966" y="0.866025403784458" z="8.89830533403772e-013" />
               </vertex>
               <vertex>
                  <position x="0.0503527618040966" y="0.0786370330531015" z="-1.50000000000005" />
                  <normal x="0.258819045102526" y="0.965925826289067" z="9.92498980323057e-013" />
               </vertex>
               <vertex>
                  <position x="0.059999999999995" y="0.0746410161513765" z="-1.15505827125162e-014" />
                  <normal x="0.499999999999999" y="0.866025403784439" z="8.89830533403752e-013" />
               </vertex>
               <vertex>
                  <position x="0.0503527618041024" y="0.0786370330515618" z="-5.77529135625809e-015" />
                  <normal x="-0.258819045102536" y="-0.965925826289064" z="-9.92498980323054e-013" />
               </vertex>
               <vertex>
                  <position x="0.0599999999999979" y="0.0746410161529162" z="-1.50000000000005" />
                  <normal x="-0.499999999999966" y="-0.866025403784458" z="-8.89830533403772e-013" />
               </vertex>
               <vertex>
                  <position x="0.0503527618040966" y="0.0786370330531015" z="-1.50000000000005" />
                  <normal x="-0.258819045102526" y="-0.965925826289067" z="-9.92498980323057e-013" />
               </vertex>
               <vertex>
                  <position x="0.059999999999995" y="0.0746410161513765" z="-1.15505827125162e-014" />
                  <normal x="-0.499999999999999" y="-0.866025403784439" z="-8.89830533403752e-013" />
               </vertex>
            </vertexbuffer>
         </geometry>
      </submesh>
   </submeshes>
</mesh>
