<mesh>
   <submeshes>
      <submesh material = "_LightGoldenrodYellow_" usesharedvertices="false" use32bitindexes="false">
         <faces count="46">
            <face v1="0" v2="1" v3="2" />
            <face v1="4" v2="3" v3="5" />
            <face v1="6" v2="7" v3="8" />
            <face v1="10" v2="9" v3="11" />
            <face v1="12" v2="13" v3="14" />
            <face v1="16" v2="15" v3="17" />
            <face v1="18" v2="19" v3="20" />
            <face v1="22" v2="21" v3="23" />
            <face v1="24" v2="25" v3="26" />
            <face v1="28" v2="27" v3="29" />
            <face v1="30" v2="31" v3="32" />
            <face v1="34" v2="33" v3="35" />
            <face v1="36" v2="37" v3="38" />
            <face v1="40" v2="39" v3="41" />
            <face v1="42" v2="43" v3="44" />
            <face v1="46" v2="45" v3="47" />
            <face v1="48" v2="49" v3="50" />
            <face v1="52" v2="51" v3="53" />
            <face v1="54" v2="55" v3="56" />
            <face v1="58" v2="57" v3="59" />
            <face v1="60" v2="61" v3="62" />
            <face v1="64" v2="63" v3="65" />
            <face v1="66" v2="67" v3="68" />
            <face v1="70" v2="69" v3="71" />
            <face v1="72" v2="73" v3="74" />
            <face v1="76" v2="75" v3="77" />
            <face v1="78" v2="79" v3="80" />
            <face v1="82" v2="81" v3="83" />
            <face v1="84" v2="85" v3="86" />
            <face v1="88" v2="87" v3="89" />
            <face v1="90" v2="91" v3="92" />
            <face v1="94" v2="93" v3="95" />
            <face v1="96" v2="97" v3="98" />
            <face v1="100" v2="99" v3="101" />
            <face v1="102" v2="103" v3="104" />
            <face v1="106" v2="105" v3="107" />
            <face v1="108" v2="109" v3="110" />
            <face v1="112" v2="111" v3="113" />
            <face v1="114" v2="115" v3="116" />
            <face v1="118" v2="117" v3="119" />
            <face v1="120" v2="121" v3="122" />
            <face v1="124" v2="123" v3="125" />
            <face v1="126" v2="127" v3="128" />
            <face v1="130" v2="129" v3="131" />
            <face v1="132" v2="133" v3="134" />
            <face v1="136" v2="135" v3="137" />
         </faces>
         <geometry vertexcount="138">
            <vertexbuffer positions="true" normals="true" colours_diffuse="false"  >
               <vertex>
                  <position x="3.56243748056633" y="1.30632123194418" z="-105.931388422248" />
                  <normal x="0.299173111116496" y="-0.954195786497901" z="-0.00241880435942636" />
               </vertex>
               <vertex>
                  <position x="0.0" y="-5.77529135625809e-015" z="-115.51" />
                  <normal x="0.352813371584906" y="-0.935686753556561" z="-0.00360888482412923" />
               </vertex>
               <vertex>
                  <position x="3.43713579254934" y="1.29601863332475" z="-115.51" />
                  <normal x="0.322209523061899" y="-0.94666298338772" z="-0.00319673766292436" />
               </vertex>
               <vertex>
                  <position x="3.56243748056633" y="1.30632123194418" z="-105.931388422248" />
                  <normal x="-0.299173111116496" y="0.954195786497901" z="0.00241880435942636" />
               </vertex>
               <vertex>
                  <position x="0.0" y="-5.77529135625809e-015" z="-115.51" />
                  <normal x="-0.352813371584906" y="0.935686753556561" z="0.00360888482412923" />
               </vertex>
               <vertex>
                  <position x="3.43713579254934" y="1.29601863332475" z="-115.51" />
                  <normal x="-0.322209523061899" y="0.94666298338772" z="0.00319673766292436" />
               </vertex>
               <vertex>
                  <position x="10.7141241342659" y="3.20871257620426" z="-86.7020745170145" />
                  <normal x="-0.172356363609736" y="0.985034484265234" z="0.000590534972200885" />
               </vertex>
               <vertex>
                  <position x="10.5288722041974" y="3.19958529295316" z="-115.51" />
                  <normal x="-0.195668063701508" y="0.980669537462346" z="0.00112567343870862" />
               </vertex>
               <vertex>
                  <position x="7.13444837085355" y="2.37608261629729" z="-96.327036049411" />
                  <normal x="-0.272283033418496" y="0.962215390950606" z="0.00186845663449041" />
               </vertex>
               <vertex>
                  <position x="10.7141241342659" y="3.20871257620426" z="-86.7020745170145" />
                  <normal x="0.172356363609736" y="-0.985034484265234" z="-0.000590534972200885" />
               </vertex>
               <vertex>
                  <position x="10.5288722041974" y="3.19958529295316" z="-115.51" />
                  <normal x="0.195668063701508" y="-0.980669537462346" z="-0.00112567343870862" />
               </vertex>
               <vertex>
                  <position x="7.13444837085355" y="2.37608261629729" z="-96.327036049411" />
                  <normal x="0.272283033418496" y="-0.962215390950606" z="-0.00186845663449041" />
               </vertex>
               <vertex>
                  <position x="17.8086143160945" y="4.1596093260982" z="-115.51" />
                  <normal x="-0.0655833257456291" y="0.997847087010408" z="0.000135384582884272" />
               </vertex>
               <vertex>
                  <position x="14.1530028898521" y="3.79895456781164" z="-115.51" />
                  <normal x="-0.130897408903178" y="0.991395800489173" z="0.000484886445846027" />
               </vertex>
               <vertex>
                  <position x="14.2995521388414" y="3.80376623487213" z="-77.0616464721235" />
                  <normal x="-0.106823748033428" y="0.9942779556858" z="0.000183557504212995" />
               </vertex>
               <vertex>
                  <position x="17.8086143160945" y="4.1596093260982" z="-115.51" />
                  <normal x="0.0655833257456291" y="-0.997847087010408" z="-0.000135384582884272" />
               </vertex>
               <vertex>
                  <position x="14.1530028898521" y="3.79895456781164" z="-115.51" />
                  <normal x="0.130897408903178" y="-0.991395800489173" z="-0.000484886445846027" />
               </vertex>
               <vertex>
                  <position x="14.2995521388414" y="3.80376623487213" z="-77.0616464721235" />
                  <normal x="0.106823748033428" y="-0.9942779556858" z="-0.000183557504212995" />
               </vertex>
               <vertex>
                  <position x="10.5288722041974" y="3.19958529295316" z="-115.51" />
                  <normal x="-0.195668063701508" y="0.980669537462346" z="0.00112567343870862" />
               </vertex>
               <vertex>
                  <position x="6.9517934837747" y="2.36407671594887" z="-115.51" />
                  <normal x="-0.283665768849982" y="0.95892034709082" z="0.00234510510842744" />
               </vertex>
               <vertex>
                  <position x="7.13444837085355" y="2.37608261629729" z="-96.327036049411" />
                  <normal x="-0.272283033418496" y="0.962215390950606" z="0.00186845663449041" />
               </vertex>
               <vertex>
                  <position x="10.5288722041974" y="3.19958529295316" z="-115.51" />
                  <normal x="0.195668063701508" y="-0.980669537462346" z="-0.00112567343870862" />
               </vertex>
               <vertex>
                  <position x="6.9517934837747" y="2.36407671594887" z="-115.51" />
                  <normal x="0.283665768849982" y="-0.95892034709082" z="-0.00234510510842744" />
               </vertex>
               <vertex>
                  <position x="7.13444837085355" y="2.37608261629729" z="-96.327036049411" />
                  <normal x="0.272283033418496" y="-0.962215390950606" z="-0.00186845663449041" />
               </vertex>
               <vertex>
                  <position x="17.8888166791778" y="4.16092565326893" z="-67.410902825609" />
                  <normal x="-0.0406433506813858" y="0.999173717517619" z="1.63527122800247e-005" />
               </vertex>
               <vertex>
                  <position x="17.8086143160945" y="4.1596093260982" z="-115.51" />
                  <normal x="-0.0655833257456291" y="0.997847087010408" z="0.000135384582884272" />
               </vertex>
               <vertex>
                  <position x="14.2995521388414" y="3.80376623487213" z="-77.0616464721235" />
                  <normal x="-0.106823748033428" y="0.9942779556858" z="0.000183557504212995" />
               </vertex>
               <vertex>
                  <position x="17.8888166791778" y="4.16092565326893" z="-67.410902825609" />
                  <normal x="0.0406433506813858" y="-0.999173717517619" z="-1.63527122800247e-005" />
               </vertex>
               <vertex>
                  <position x="17.8086143160945" y="4.1596093260982" z="-115.51" />
                  <normal x="0.0655833257456291" y="-0.997847087010408" z="-0.000135384582884272" />
               </vertex>
               <vertex>
                  <position x="14.2995521388414" y="3.80376623487213" z="-77.0616464721235" />
                  <normal x="0.106823748033428" y="-0.9942779556858" z="-0.000183557504212995" />
               </vertex>
               <vertex>
                  <position x="21.48" y="4.27999999999999" z="-115.51" />
                  <normal x="-8.67260275679301e-006" y="0.999999999877798" z="1.30073211696019e-005" />
               </vertex>
               <vertex>
                  <position x="17.8086143160945" y="4.1596093260982" z="-115.51" />
                  <normal x="-0.0655833257456291" y="0.997847087010408" z="0.000135384582884272" />
               </vertex>
               <vertex>
                  <position x="17.8888166791778" y="4.16092565326893" z="-67.410902825609" />
                  <normal x="-0.0406433506813858" y="0.999173717517619" z="1.63527122800247e-005" />
               </vertex>
               <vertex>
                  <position x="21.48" y="4.27999999999999" z="-115.51" />
                  <normal x="8.67260275679301e-006" y="-0.999999999877798" z="-1.30073211696019e-005" />
               </vertex>
               <vertex>
                  <position x="17.8086143160945" y="4.1596093260982" z="-115.51" />
                  <normal x="0.0655833257456291" y="-0.997847087010408" z="-0.000135384582884272" />
               </vertex>
               <vertex>
                  <position x="17.8888166791778" y="4.16092565326893" z="-67.410902825609" />
                  <normal x="0.0406433506813858" y="-0.999173717517619" z="-1.63527122800247e-005" />
               </vertex>
               <vertex>
                  <position x="21.4800000000001" y="4.27999999999985" z="-57.7549999999998" />
                  <normal x="0.0255755742983035" y="0.999672891351708" z="1.71996774678323e-005" />
               </vertex>
               <vertex>
                  <position x="21.48" y="4.27999999999999" z="-115.51" />
                  <normal x="-8.67260275679301e-006" y="0.999999999877798" z="1.30073211696019e-005" />
               </vertex>
               <vertex>
                  <position x="17.8888166791778" y="4.16092565326893" z="-67.410902825609" />
                  <normal x="-0.0406433506813858" y="0.999173717517619" z="1.63527122800247e-005" />
               </vertex>
               <vertex>
                  <position x="21.4800000000001" y="4.27999999999985" z="-57.7549999999998" />
                  <normal x="-0.0255755742983035" y="-0.999672891351708" z="-1.71996774678323e-005" />
               </vertex>
               <vertex>
                  <position x="21.48" y="4.27999999999999" z="-115.51" />
                  <normal x="8.67260275679301e-006" y="-0.999999999877798" z="-1.30073211696019e-005" />
               </vertex>
               <vertex>
                  <position x="17.8888166791778" y="4.16092565326893" z="-67.410902825609" />
                  <normal x="0.0406433506813858" y="-0.999173717517619" z="-1.63527122800247e-005" />
               </vertex>
               <vertex>
                  <position x="25.1513856839055" y="4.1596093260982" z="-115.51" />
                  <normal x="0.0655437105334832" y="0.997849697897501" z="4.91464023592581e-005" />
               </vertex>
               <vertex>
                  <position x="21.48" y="4.27999999999999" z="-115.51" />
                  <normal x="-8.67260275679301e-006" y="0.999999999877798" z="1.30073211696019e-005" />
               </vertex>
               <vertex>
                  <position x="21.4800000000001" y="4.27999999999985" z="-57.7549999999998" />
                  <normal x="0.0255755742983035" y="0.999672891351708" z="1.71996774678323e-005" />
               </vertex>
               <vertex>
                  <position x="25.1513856839055" y="4.1596093260982" z="-115.51" />
                  <normal x="-0.0655437105334832" y="-0.997849697897501" z="-4.91464023592581e-005" />
               </vertex>
               <vertex>
                  <position x="21.48" y="4.27999999999999" z="-115.51" />
                  <normal x="8.67260275679301e-006" y="-0.999999999877798" z="-1.30073211696019e-005" />
               </vertex>
               <vertex>
                  <position x="21.4800000000001" y="4.27999999999985" z="-57.7549999999998" />
                  <normal x="-0.0255755742983035" y="-0.999672891351708" z="-1.71996774678323e-005" />
               </vertex>
               <vertex>
                  <position x="25.1513856839055" y="4.1596093260982" z="-115.51" />
                  <normal x="0.0655437105334832" y="0.997849697897501" z="4.91464023592581e-005" />
               </vertex>
               <vertex>
                  <position x="21.4800000000001" y="4.27999999999985" z="-57.7549999999998" />
                  <normal x="0.0255755742983035" y="0.999672891351708" z="1.71996774678323e-005" />
               </vertex>
               <vertex>
                  <position x="25.0711833208222" y="4.16092565326912" z="-48.0990971743907" />
                  <normal x="0.0912287492102057" y="0.995829956638736" z="0.000113041740763251" />
               </vertex>
               <vertex>
                  <position x="25.1513856839055" y="4.1596093260982" z="-115.51" />
                  <normal x="-0.0655437105334832" y="-0.997849697897501" z="-4.91464023592581e-005" />
               </vertex>
               <vertex>
                  <position x="21.4800000000001" y="4.27999999999985" z="-57.7549999999998" />
                  <normal x="-0.0255755742983035" y="-0.999672891351708" z="-1.71996774678323e-005" />
               </vertex>
               <vertex>
                  <position x="25.0711833208222" y="4.16092565326912" z="-48.0990971743907" />
                  <normal x="-0.0912287492102057" y="-0.995829956638736" z="-0.000113041740763251" />
               </vertex>
               <vertex>
                  <position x="28.8069971101478" y="3.79895456781164" z="-115.51" />
                  <normal x="0.13079183988457" y="0.991409836771431" z="0.000173702195053098" />
               </vertex>
               <vertex>
                  <position x="25.1513856839055" y="4.1596093260982" z="-115.51" />
                  <normal x="0.0655437105334832" y="0.997849697897501" z="4.91464023592581e-005" />
               </vertex>
               <vertex>
                  <position x="25.0711833208222" y="4.16092565326912" z="-48.0990971743907" />
                  <normal x="0.0912287492102057" y="0.995829956638736" z="0.000113041740763251" />
               </vertex>
               <vertex>
                  <position x="28.8069971101478" y="3.79895456781164" z="-115.51" />
                  <normal x="-0.13079183988457" y="-0.991409836771431" z="-0.000173702195053098" />
               </vertex>
               <vertex>
                  <position x="25.1513856839055" y="4.1596093260982" z="-115.51" />
                  <normal x="-0.0655437105334832" y="-0.997849697897501" z="-4.91464023592581e-005" />
               </vertex>
               <vertex>
                  <position x="25.0711833208222" y="4.16092565326912" z="-48.0990971743907" />
                  <normal x="-0.0912287492102057" y="-0.995829956638736" z="-0.000113041740763251" />
               </vertex>
               <vertex>
                  <position x="28.8069971101478" y="3.79895456781164" z="-115.51" />
                  <normal x="0.13079183988457" y="0.991409836771431" z="0.000173702195053098" />
               </vertex>
               <vertex>
                  <position x="25.0711833208222" y="4.16092565326912" z="-48.0990971743907" />
                  <normal x="0.0912287492102057" y="0.995829956638736" z="0.000113041740763251" />
               </vertex>
               <vertex>
                  <position x="28.6604478611587" y="3.80376623487213" z="-38.4483535278762" />
                  <normal x="0.155741756919472" y="0.987797778778875" z="0.000231065263171473" />
               </vertex>
               <vertex>
                  <position x="28.8069971101478" y="3.79895456781164" z="-115.51" />
                  <normal x="-0.13079183988457" y="-0.991409836771431" z="-0.000173702195053098" />
               </vertex>
               <vertex>
                  <position x="25.0711833208222" y="4.16092565326912" z="-48.0990971743907" />
                  <normal x="-0.0912287492102057" y="-0.995829956638736" z="-0.000113041740763251" />
               </vertex>
               <vertex>
                  <position x="28.6604478611587" y="3.80376623487213" z="-38.4483535278762" />
                  <normal x="-0.155741756919472" y="-0.987797778778875" z="-0.000231065263171473" />
               </vertex>
               <vertex>
                  <position x="32.4311277958026" y="3.19958529295316" z="-115.51" />
                  <normal x="0.195455727487592" y="0.980712474968488" z="0.000316280696378252" />
               </vertex>
               <vertex>
                  <position x="28.8069971101478" y="3.79895456781164" z="-115.51" />
                  <normal x="0.13079183988457" y="0.991409836771431" z="0.000173702195053098" />
               </vertex>
               <vertex>
                  <position x="28.6604478611587" y="3.80376623487213" z="-38.4483535278762" />
                  <normal x="0.155741756919472" y="0.987797778778875" z="0.000231065263171473" />
               </vertex>
               <vertex>
                  <position x="32.4311277958026" y="3.19958529295316" z="-115.51" />
                  <normal x="-0.195455727487592" y="-0.980712474968488" z="-0.000316280696378252" />
               </vertex>
               <vertex>
                  <position x="28.8069971101478" y="3.79895456781164" z="-115.51" />
                  <normal x="-0.13079183988457" y="-0.991409836771431" z="-0.000173702195053098" />
               </vertex>
               <vertex>
                  <position x="28.6604478611587" y="3.80376623487213" z="-38.4483535278762" />
                  <normal x="-0.155741756919472" y="-0.987797778778875" z="-0.000231065263171473" />
               </vertex>
               <vertex>
                  <position x="32.4311277958026" y="3.19958529295316" z="-115.51" />
                  <normal x="0.195455727487592" y="0.980712474968488" z="0.000316280696378252" />
               </vertex>
               <vertex>
                  <position x="28.6604478611587" y="3.80376623487213" z="-38.4483535278762" />
                  <normal x="0.155741756919472" y="0.987797778778875" z="0.000231065263171473" />
               </vertex>
               <vertex>
                  <position x="32.2458758657342" y="3.20871257620435" z="-28.8079254829851" />
                  <normal x="0.218591811936647" y="0.975816339989543" z="0.000300605497933258" />
               </vertex>
               <vertex>
                  <position x="32.4311277958026" y="3.19958529295316" z="-115.51" />
                  <normal x="-0.195455727487592" y="-0.980712474968488" z="-0.000316280696378252" />
               </vertex>
               <vertex>
                  <position x="28.6604478611587" y="3.80376623487213" z="-38.4483535278762" />
                  <normal x="-0.155741756919472" y="-0.987797778778875" z="-0.000231065263171473" />
               </vertex>
               <vertex>
                  <position x="32.2458758657342" y="3.20871257620435" z="-28.8079254829851" />
                  <normal x="-0.218591811936647" y="-0.975816339989543" z="-0.000300605497933258" />
               </vertex>
               <vertex>
                  <position x="36.0082065162253" y="2.36407671594886" z="-115.51" />
                  <normal x="0.275071046142756" y="0.961423802563159" z="0.000437537342371034" />
               </vertex>
               <vertex>
                  <position x="32.4311277958026" y="3.19958529295316" z="-115.51" />
                  <normal x="0.195455727487592" y="0.980712474968488" z="0.000316280696378252" />
               </vertex>
               <vertex>
                  <position x="32.2458758657342" y="3.20871257620435" z="-28.8079254829851" />
                  <normal x="0.218591811936647" y="0.975816339989543" z="0.000300605497933258" />
               </vertex>
               <vertex>
                  <position x="36.0082065162253" y="2.36407671594886" z="-115.51" />
                  <normal x="-0.275071046142756" y="-0.961423802563159" z="-0.000437537342371034" />
               </vertex>
               <vertex>
                  <position x="32.4311277958026" y="3.19958529295316" z="-115.51" />
                  <normal x="-0.195455727487592" y="-0.980712474968488" z="-0.000316280696378252" />
               </vertex>
               <vertex>
                  <position x="32.2458758657342" y="3.20871257620435" z="-28.8079254829851" />
                  <normal x="-0.218591811936647" y="-0.975816339989543" z="-0.000300605497933258" />
               </vertex>
               <vertex>
                  <position x="36.0082065162253" y="2.36407671594886" z="-115.51" />
                  <normal x="0.275071046142756" y="0.961423802563159" z="0.000437537342371034" />
               </vertex>
               <vertex>
                  <position x="32.2458758657342" y="3.20871257620435" z="-28.8079254829851" />
                  <normal x="0.218591811936647" y="0.975816339989543" z="0.000300605497933258" />
               </vertex>
               <vertex>
                  <position x="35.8255516291464" y="2.37608261629739" z="-19.1829639505887" />
                  <normal x="0.305707545017922" y="0.952125461600205" z="4.78718156680592e-005" />
               </vertex>
               <vertex>
                  <position x="36.0082065162253" y="2.36407671594886" z="-115.51" />
                  <normal x="-0.275071046142756" y="-0.961423802563159" z="-0.000437537342371034" />
               </vertex>
               <vertex>
                  <position x="32.2458758657342" y="3.20871257620435" z="-28.8079254829851" />
                  <normal x="-0.218591811936647" y="-0.975816339989543" z="-0.000300605497933258" />
               </vertex>
               <vertex>
                  <position x="35.8255516291464" y="2.37608261629739" z="-19.1829639505887" />
                  <normal x="-0.305707545017922" y="-0.952125461600205" z="-4.78718156680592e-005" />
               </vertex>
               <vertex>
                  <position x="35.8255516291464" y="2.37608261629739" z="-19.1829639505887" />
                  <normal x="0.937276114542955" y="-1.05530557554611e-013" z="-0.348587844175987" />
               </vertex>
               <vertex>
                  <position x="39.3975625194337" y="1.30632123194409" z="-9.57861157775145" />
                  <normal x="0.937276114542955" y="-1.05530557554611e-013" z="-0.348587844175987" />
               </vertex>
               <vertex>
                  <position x="42.96" y="-5.77529135625809e-015" z="2.31011654250324e-014" />
                  <normal x="0.937276114542955" y="-1.05530557554611e-013" z="-0.348587844175987" />
               </vertex>
               <vertex>
                  <position x="35.8255516291464" y="2.37608261629739" z="-19.1829639505887" />
                  <normal x="-0.937276114542955" y="1.05530557554611e-013" z="0.348587844175987" />
               </vertex>
               <vertex>
                  <position x="39.3975625194337" y="1.30632123194409" z="-9.57861157775145" />
                  <normal x="-0.937276114542955" y="1.05530557554611e-013" z="0.348587844175987" />
               </vertex>
               <vertex>
                  <position x="42.96" y="-5.77529135625809e-015" z="2.31011654250324e-014" />
                  <normal x="-0.937276114542955" y="1.05530557554611e-013" z="0.348587844175987" />
               </vertex>
               <vertex>
                  <position x="42.96" y="-5.77529135625809e-015" z="-115.51" />
                  <normal x="0.321663444252727" y="0.946853953648504" z="0.000468072290237424" />
               </vertex>
               <vertex>
                  <position x="35.8255516291464" y="2.37608261629739" z="-19.1829639505887" />
                  <normal x="0.305707545017922" y="0.952125461600205" z="4.78718156680592e-005" />
               </vertex>
               <vertex>
                  <position x="42.96" y="-5.77529135625809e-015" z="2.31011654250324e-014" />
                  <normal x="0.315980384661444" y="0.948765722667723" z="-1.66362419141837e-018" />
               </vertex>
               <vertex>
                  <position x="42.96" y="-5.77529135625809e-015" z="-115.51" />
                  <normal x="-0.321663444252727" y="-0.946853953648504" z="-0.000468072290237424" />
               </vertex>
               <vertex>
                  <position x="35.8255516291464" y="2.37608261629739" z="-19.1829639505887" />
                  <normal x="-0.305707545017922" y="-0.952125461600205" z="-4.78718156680592e-005" />
               </vertex>
               <vertex>
                  <position x="42.96" y="-5.77529135625809e-015" z="2.31011654250324e-014" />
                  <normal x="-0.315980384661444" y="-0.948765722667723" z="1.66362419141837e-018" />
               </vertex>
               <vertex>
                  <position x="36.0082065162253" y="2.36407671594886" z="-115.51" />
                  <normal x="-4.49974134885426e-029" y="7.19958615816682e-028" z="1.0" />
               </vertex>
               <vertex>
                  <position x="42.96" y="-5.77529135625809e-015" z="-115.51" />
                  <normal x="-4.49974134885426e-029" y="7.19958615816682e-028" z="1.0" />
               </vertex>
               <vertex>
                  <position x="39.5228642074507" y="1.29601863332475" z="-115.51" />
                  <normal x="-4.49974134885426e-029" y="7.19958615816682e-028" z="1.0" />
               </vertex>
               <vertex>
                  <position x="36.0082065162253" y="2.36407671594886" z="-115.51" />
                  <normal x="4.49974134885426e-029" y="-7.19958615816682e-028" z="-1.0" />
               </vertex>
               <vertex>
                  <position x="42.96" y="-5.77529135625809e-015" z="-115.51" />
                  <normal x="4.49974134885426e-029" y="-7.19958615816682e-028" z="-1.0" />
               </vertex>
               <vertex>
                  <position x="39.5228642074507" y="1.29601863332475" z="-115.51" />
                  <normal x="4.49974134885426e-029" y="-7.19958615816682e-028" z="-1.0" />
               </vertex>
               <vertex>
                  <position x="42.96" y="-5.77529135625809e-015" z="-115.51" />
                  <normal x="0.321663444252727" y="0.946853953648504" z="0.000468072290237424" />
               </vertex>
               <vertex>
                  <position x="36.0082065162253" y="2.36407671594886" z="-115.51" />
                  <normal x="0.275071046142756" y="0.961423802563159" z="0.000437537342371034" />
               </vertex>
               <vertex>
                  <position x="35.8255516291464" y="2.37608261629739" z="-19.1829639505887" />
                  <normal x="0.305707545017922" y="0.952125461600205" z="4.78718156680592e-005" />
               </vertex>
               <vertex>
                  <position x="42.96" y="-5.77529135625809e-015" z="-115.51" />
                  <normal x="-0.321663444252727" y="-0.946853953648504" z="-0.000468072290237424" />
               </vertex>
               <vertex>
                  <position x="36.0082065162253" y="2.36407671594886" z="-115.51" />
                  <normal x="-0.275071046142756" y="-0.961423802563159" z="-0.000437537342371034" />
               </vertex>
               <vertex>
                  <position x="35.8255516291464" y="2.37608261629739" z="-19.1829639505887" />
                  <normal x="-0.305707545017922" y="-0.952125461600205" z="-4.78718156680592e-005" />
               </vertex>
               <vertex>
                  <position x="14.1530028898521" y="3.79895456781164" z="-115.51" />
                  <normal x="-0.130897408903178" y="0.991395800489173" z="0.000484886445846027" />
               </vertex>
               <vertex>
                  <position x="10.5288722041974" y="3.19958529295316" z="-115.51" />
                  <normal x="-0.195668063701508" y="0.980669537462346" z="0.00112567343870862" />
               </vertex>
               <vertex>
                  <position x="10.7141241342659" y="3.20871257620426" z="-86.7020745170145" />
                  <normal x="-0.172356363609736" y="0.985034484265234" z="0.000590534972200885" />
               </vertex>
               <vertex>
                  <position x="14.1530028898521" y="3.79895456781164" z="-115.51" />
                  <normal x="0.130897408903178" y="-0.991395800489173" z="-0.000484886445846027" />
               </vertex>
               <vertex>
                  <position x="10.5288722041974" y="3.19958529295316" z="-115.51" />
                  <normal x="0.195668063701508" y="-0.980669537462346" z="-0.00112567343870862" />
               </vertex>
               <vertex>
                  <position x="10.7141241342659" y="3.20871257620426" z="-86.7020745170145" />
                  <normal x="0.172356363609736" y="-0.985034484265234" z="-0.000590534972200885" />
               </vertex>
               <vertex>
                  <position x="14.2995521388414" y="3.80376623487213" z="-77.0616464721235" />
                  <normal x="-0.106823748033428" y="0.9942779556858" z="0.000183557504212995" />
               </vertex>
               <vertex>
                  <position x="14.1530028898521" y="3.79895456781164" z="-115.51" />
                  <normal x="-0.130897408903178" y="0.991395800489173" z="0.000484886445846027" />
               </vertex>
               <vertex>
                  <position x="10.7141241342659" y="3.20871257620426" z="-86.7020745170145" />
                  <normal x="-0.172356363609736" y="0.985034484265234" z="0.000590534972200885" />
               </vertex>
               <vertex>
                  <position x="14.2995521388414" y="3.80376623487213" z="-77.0616464721235" />
                  <normal x="0.106823748033428" y="-0.9942779556858" z="-0.000183557504212995" />
               </vertex>
               <vertex>
                  <position x="14.1530028898521" y="3.79895456781164" z="-115.51" />
                  <normal x="0.130897408903178" y="-0.991395800489173" z="-0.000484886445846027" />
               </vertex>
               <vertex>
                  <position x="10.7141241342659" y="3.20871257620426" z="-86.7020745170145" />
                  <normal x="0.172356363609736" y="-0.985034484265234" z="-0.000590534972200885" />
               </vertex>
               <vertex>
                  <position x="6.9517934837747" y="2.36407671594887" z="-115.51" />
                  <normal x="0.283665768849982" y="-0.95892034709082" z="-0.00234510510842744" />
               </vertex>
               <vertex>
                  <position x="3.56243748056633" y="1.30632123194418" z="-105.931388422248" />
                  <normal x="0.299173111116496" y="-0.954195786497901" z="-0.00241880435942636" />
               </vertex>
               <vertex>
                  <position x="3.43713579254934" y="1.29601863332475" z="-115.51" />
                  <normal x="0.322209523061899" y="-0.94666298338772" z="-0.00319673766292436" />
               </vertex>
               <vertex>
                  <position x="6.9517934837747" y="2.36407671594887" z="-115.51" />
                  <normal x="-0.283665768849982" y="0.95892034709082" z="0.00234510510842744" />
               </vertex>
               <vertex>
                  <position x="3.56243748056633" y="1.30632123194418" z="-105.931388422248" />
                  <normal x="-0.299173111116496" y="0.954195786497901" z="0.00241880435942636" />
               </vertex>
               <vertex>
                  <position x="3.43713579254934" y="1.29601863332475" z="-115.51" />
                  <normal x="-0.322209523061899" y="0.94666298338772" z="0.00319673766292436" />
               </vertex>
               <vertex>
                  <position x="7.13444837085355" y="2.37608261629729" z="-96.327036049411" />
                  <normal x="0.272283033418496" y="-0.962215390950606" z="-0.00186845663449041" />
               </vertex>
               <vertex>
                  <position x="3.56243748056633" y="1.30632123194418" z="-105.931388422248" />
                  <normal x="0.299173111116496" y="-0.954195786497901" z="-0.00241880435942636" />
               </vertex>
               <vertex>
                  <position x="6.9517934837747" y="2.36407671594887" z="-115.51" />
                  <normal x="0.283665768849982" y="-0.95892034709082" z="-0.00234510510842744" />
               </vertex>
               <vertex>
                  <position x="7.13444837085355" y="2.37608261629729" z="-96.327036049411" />
                  <normal x="-0.272283033418496" y="0.962215390950606" z="0.00186845663449041" />
               </vertex>
               <vertex>
                  <position x="3.56243748056633" y="1.30632123194418" z="-105.931388422248" />
                  <normal x="-0.299173111116496" y="0.954195786497901" z="0.00241880435942636" />
               </vertex>
               <vertex>
                  <position x="6.9517934837747" y="2.36407671594887" z="-115.51" />
                  <normal x="-0.283665768849982" y="0.95892034709082" z="0.00234510510842744" />
               </vertex>
            </vertexbuffer>
         </geometry>
      </submesh>
   </submeshes>
</mesh>
