<mesh>
   <submeshes>
      <submesh material = "SketchupDefault" usesharedvertices="false" use32bitindexes="false">
         <faces count="92">
            <face v1="1" v2="0" v3="2" />
            <face v1="0" v2="1" v3="3" />
            <face v1="5" v2="4" v3="6" />
            <face v1="4" v2="5" v3="7" />
            <face v1="9" v2="8" v3="10" />
            <face v1="8" v2="9" v3="11" />
            <face v1="13" v2="12" v3="14" />
            <face v1="12" v2="13" v3="15" />
            <face v1="17" v2="16" v3="18" />
            <face v1="16" v2="17" v3="19" />
            <face v1="21" v2="20" v3="22" />
            <face v1="20" v2="21" v3="23" />
            <face v1="25" v2="24" v3="26" />
            <face v1="24" v2="25" v3="27" />
            <face v1="29" v2="28" v3="30" />
            <face v1="28" v2="29" v3="31" />
            <face v1="33" v2="32" v3="34" />
            <face v1="32" v2="33" v3="35" />
            <face v1="35" v2="33" v3="36" />
            <face v1="35" v2="36" v3="37" />
            <face v1="37" v2="36" v3="38" />
            <face v1="37" v2="38" v3="39" />
            <face v1="39" v2="38" v3="40" />
            <face v1="39" v2="40" v3="41" />
            <face v1="41" v2="40" v3="42" />
            <face v1="41" v2="42" v3="43" />
            <face v1="43" v2="42" v3="44" />
            <face v1="43" v2="44" v3="45" />
            <face v1="45" v2="44" v3="46" />
            <face v1="45" v2="46" v3="47" />
            <face v1="47" v2="46" v3="48" />
            <face v1="47" v2="48" v3="49" />
            <face v1="49" v2="48" v3="50" />
            <face v1="49" v2="50" v3="51" />
            <face v1="49" v2="51" v3="52" />
            <face v1="52" v2="51" v3="53" />
            <face v1="53" v2="51" v3="54" />
            <face v1="53" v2="54" v3="55" />
            <face v1="57" v2="56" v3="58" />
            <face v1="56" v2="57" v3="59" />
            <face v1="61" v2="60" v3="62" />
            <face v1="60" v2="61" v3="63" />
            <face v1="65" v2="64" v3="66" />
            <face v1="64" v2="65" v3="67" />
            <face v1="69" v2="68" v3="70" />
            <face v1="68" v2="69" v3="71" />
            <face v1="73" v2="72" v3="74" />
            <face v1="72" v2="73" v3="75" />
            <face v1="77" v2="76" v3="78" />
            <face v1="76" v2="77" v3="79" />
            <face v1="81" v2="80" v3="82" />
            <face v1="80" v2="81" v3="83" />
            <face v1="85" v2="84" v3="86" />
            <face v1="84" v2="85" v3="87" />
            <face v1="89" v2="88" v3="90" />
            <face v1="88" v2="89" v3="91" />
            <face v1="93" v2="92" v3="94" />
            <face v1="92" v2="93" v3="95" />
            <face v1="97" v2="96" v3="98" />
            <face v1="96" v2="97" v3="99" />
            <face v1="99" v2="97" v3="100" />
            <face v1="99" v2="100" v3="101" />
            <face v1="101" v2="100" v3="102" />
            <face v1="101" v2="102" v3="103" />
            <face v1="103" v2="102" v3="104" />
            <face v1="103" v2="104" v3="105" />
            <face v1="105" v2="104" v3="106" />
            <face v1="105" v2="106" v3="107" />
            <face v1="107" v2="106" v3="108" />
            <face v1="107" v2="108" v3="109" />
            <face v1="109" v2="108" v3="110" />
            <face v1="109" v2="110" v3="111" />
            <face v1="111" v2="110" v3="112" />
            <face v1="111" v2="112" v3="113" />
            <face v1="113" v2="112" v3="114" />
            <face v1="113" v2="114" v3="115" />
            <face v1="115" v2="114" v3="116" />
            <face v1="115" v2="116" v3="117" />
            <face v1="117" v2="116" v3="118" />
            <face v1="117" v2="118" v3="119" />
            <face v1="121" v2="120" v3="122" />
            <face v1="120" v2="121" v3="123" />
            <face v1="125" v2="124" v3="126" />
            <face v1="124" v2="125" v3="127" />
            <face v1="129" v2="128" v3="130" />
            <face v1="128" v2="129" v3="131" />
            <face v1="133" v2="132" v3="134" />
            <face v1="132" v2="133" v3="135" />
            <face v1="137" v2="136" v3="138" />
            <face v1="136" v2="137" v3="139" />
            <face v1="141" v2="140" v3="142" />
            <face v1="140" v2="141" v3="143" />
         </faces>
         <geometry vertexcount="144">
            <vertexbuffer positions="true" normals="true" colours_diffuse="false"  >
               <vertex>
                  <position x="0.00535898384862259" y="0.060000000001539" z="-1.50000000000007" />
                  <normal x="0.866025403784419" y="-0.500000000000034" z="-5.13759174092278e-013" />
               </vertex>
               <vertex>
                  <position x="0.00136296694843732" y="0.0503527618041009" z="-2.88764567812905e-014" />
                  <normal x="0.965925826289067" y="-0.258819045102524" z="-2.65941317702432e-013" />
               </vertex>
               <vertex>
                  <position x="0.00535898384862259" y="0.0599999999999994" z="-2.31011654250324e-014" />
                  <normal x="0.866025403784412" y="-0.500000000000046" z="-5.13759174092291e-013" />
               </vertex>
               <vertex>
                  <position x="0.00136296694843732" y="0.0503527618056406" z="-1.50000000000008" />
                  <normal x="0.965925826289067" y="-0.258819045102527" z="-2.65941317702434e-013" />
               </vertex>
               <vertex>
                  <position x="0.00136296694843732" y="0.0503527618056406" z="-1.50000000000008" />
                  <normal x="0.965925826289067" y="-0.258819045102527" z="-2.65941317702434e-013" />
               </vertex>
               <vertex>
                  <position x="0.0" y="0.0399999999999996" z="-4.04270394938067e-014" />
                  <normal x="1.0" y="-7.42295454307387e-015" z="-7.61833080278674e-027" />
               </vertex>
               <vertex>
                  <position x="0.00136296694843732" y="0.0503527618041009" z="-2.88764567812905e-014" />
                  <normal x="0.965925826289067" y="-0.258819045102524" z="-2.65941317702432e-013" />
               </vertex>
               <vertex>
                  <position x="0.0" y="0.0400000000015392" z="-1.50000000000009" />
                  <normal x="1.0" y="-1.57548422955065e-014" z="-1.61930052595432e-026" />
               </vertex>
               <vertex>
                  <position x="0.0" y="0.0400000000015392" z="-1.50000000000009" />
                  <normal x="1.0" y="-1.57548422955065e-014" z="-1.61930052595432e-026" />
               </vertex>
               <vertex>
                  <position x="0.00136296694843732" y="0.0296472381958982" z="-5.19776222063228e-014" />
                  <normal x="0.965925826289067" y="0.258819045102527" z="2.65941317702434e-013" />
               </vertex>
               <vertex>
                  <position x="0.0" y="0.0399999999999996" z="-4.04270394938067e-014" />
                  <normal x="1.0" y="-7.42295454307387e-015" z="-7.61833080278674e-027" />
               </vertex>
               <vertex>
                  <position x="0.00136296694843732" y="0.0296472381974379" z="-1.5000000000001" />
                  <normal x="0.965925826289067" y="0.258819045102524" z="2.65941317702432e-013" />
               </vertex>
               <vertex>
                  <position x="0.00136296694843732" y="0.0296472381974379" z="-1.5000000000001" />
                  <normal x="0.965925826289067" y="0.258819045102524" z="2.65941317702432e-013" />
               </vertex>
               <vertex>
                  <position x="0.00535898384862259" y="0.0199999999999998" z="-6.3528204918839e-014" />
                  <normal x="0.866025403784408" y="0.500000000000054" z="5.13759174092298e-013" />
               </vertex>
               <vertex>
                  <position x="0.00136296694843732" y="0.0296472381958982" z="-5.19776222063228e-014" />
                  <normal x="0.965925826289067" y="0.258819045102527" z="2.65941317702434e-013" />
               </vertex>
               <vertex>
                  <position x="0.00535898384862259" y="0.0200000000015394" z="-1.50000000000011" />
                  <normal x="0.8660254037844" y="0.500000000000066" z="5.13759174092311e-013" />
               </vertex>
               <vertex>
                  <position x="0.00535898384862259" y="0.0200000000015394" z="-1.50000000000011" />
                  <normal x="0.8660254037844" y="0.500000000000066" z="5.13759174092311e-013" />
               </vertex>
               <vertex>
                  <position x="0.0117157287525387" y="0.0117157287525387" z="-6.93034962750971e-014" />
                  <normal x="0.707106781186538" y="0.707106781186557" z="7.2656519179486e-013" />
               </vertex>
               <vertex>
                  <position x="0.00535898384862259" y="0.0199999999999998" z="-6.3528204918839e-014" />
                  <normal x="0.866025403784408" y="0.500000000000054" z="5.13759174092298e-013" />
               </vertex>
               <vertex>
                  <position x="0.0117157287525387" y="0.0117157287540783" z="-1.50000000000012" />
                  <normal x="0.707106781186541" y="0.707106781186554" z="7.26565191794857e-013" />
               </vertex>
               <vertex>
                  <position x="0.0199999999999998" y="0.00535898385016224" z="-1.50000000000013" />
                  <normal x="0.500000000000067" y="0.8660254037844" z="8.8985699238235e-013" />
               </vertex>
               <vertex>
                  <position x="0.0117157287525387" y="0.0117157287525387" z="-6.93034962750971e-014" />
                  <normal x="0.707106781186538" y="0.707106781186557" z="7.2656519179486e-013" />
               </vertex>
               <vertex>
                  <position x="0.0117157287525387" y="0.0117157287540783" z="-1.50000000000012" />
                  <normal x="0.707106781186541" y="0.707106781186554" z="7.26565191794857e-013" />
               </vertex>
               <vertex>
                  <position x="0.0199999999999998" y="0.00535898384862259" z="-7.50787876313552e-014" />
                  <normal x="0.500000000000053" y="0.866025403784408" z="8.89856992382358e-013" />
               </vertex>
               <vertex>
                  <position x="0.0296472381958982" y="0.00136296694997697" z="-1.50000000000013" />
                  <normal x="0.258819045102536" y="0.965925826289064" z="9.92506509497275e-013" />
               </vertex>
               <vertex>
                  <position x="0.0199999999999998" y="0.00535898384862259" z="-7.50787876313552e-014" />
                  <normal x="0.500000000000053" y="0.866025403784408" z="8.89856992382358e-013" />
               </vertex>
               <vertex>
                  <position x="0.0199999999999998" y="0.00535898385016224" z="-1.50000000000013" />
                  <normal x="0.500000000000067" y="0.8660254037844" z="8.8985699238235e-013" />
               </vertex>
               <vertex>
                  <position x="0.0296472381958982" y="0.00136296694843732" z="-8.08540789876133e-014" />
                  <normal x="0.258819045102538" y="0.965925826289064" z="9.92506509497274e-013" />
               </vertex>
               <vertex>
                  <position x="0.0399999999999996" y="1.53965658000743e-012" z="-1.50000000000013" />
                  <normal x="-0.0" y="1.0" z="1.02751834818449e-012" />
               </vertex>
               <vertex>
                  <position x="0.0296472381958982" y="0.00136296694843732" z="-8.08540789876133e-014" />
                  <normal x="0.258819045102538" y="0.965925826289064" z="9.92506509497274e-013" />
               </vertex>
               <vertex>
                  <position x="0.0296472381958982" y="0.00136296694997697" z="-1.50000000000013" />
                  <normal x="0.258819045102536" y="0.965925826289064" z="9.92506509497275e-013" />
               </vertex>
               <vertex>
                  <position x="0.0399999999999996" y="0.0" z="-8.08540789876133e-014" />
                  <normal x="-0.0" y="1.0" z="1.02751834818449e-012" />
               </vertex>
               <vertex>
                  <position x="0.0503527618041009" y="0.00136296694843732" z="-8.08540789876133e-014" />
                  <normal x="0.0" y="1.02751834818449e-012" z="-1.0" />
               </vertex>
               <vertex>
                  <position x="0.0296472381958982" y="0.00136296694843732" z="-8.08540789876133e-014" />
                  <normal x="0.0" y="1.02751834818449e-012" z="-1.0" />
               </vertex>
               <vertex>
                  <position x="0.0399999999999996" y="0.0" z="-8.08540789876133e-014" />
                  <normal x="0.0" y="1.02751834818449e-012" z="-1.0" />
               </vertex>
               <vertex>
                  <position x="0.0599999999999994" y="0.00535898384862259" z="-7.50787876313552e-014" />
                  <normal x="0.0" y="1.02751834818449e-012" z="-1.0" />
               </vertex>
               <vertex>
                  <position x="0.0199999999999998" y="0.00535898384862259" z="-7.50787876313552e-014" />
                  <normal x="0.0" y="1.02751834818449e-012" z="-1.0" />
               </vertex>
               <vertex>
                  <position x="0.0682842712474604" y="0.0117157287525387" z="-6.93034962750971e-014" />
                  <normal x="0.0" y="1.02751834818449e-012" z="-1.0" />
               </vertex>
               <vertex>
                  <position x="0.0117157287525387" y="0.0117157287525387" z="-6.93034962750971e-014" />
                  <normal x="0.0" y="1.02751834818449e-012" z="-1.0" />
               </vertex>
               <vertex>
                  <position x="0.0746410161513765" y="0.0199999999999998" z="-6.3528204918839e-014" />
                  <normal x="0.0" y="1.02751834818449e-012" z="-1.0" />
               </vertex>
               <vertex>
                  <position x="0.00535898384862259" y="0.0199999999999998" z="-6.3528204918839e-014" />
                  <normal x="0.0" y="1.02751834818449e-012" z="-1.0" />
               </vertex>
               <vertex>
                  <position x="0.0786370330515618" y="0.0296472381958982" z="-5.19776222063228e-014" />
                  <normal x="0.0" y="1.02751834818449e-012" z="-1.0" />
               </vertex>
               <vertex>
                  <position x="0.00136296694843732" y="0.0296472381958982" z="-5.19776222063228e-014" />
                  <normal x="0.0" y="1.02751834818449e-012" z="-1.0" />
               </vertex>
               <vertex>
                  <position x="0.0799999999999991" y="0.0399999999999996" z="-4.04270394938067e-014" />
                  <normal x="0.0" y="1.02751834818449e-012" z="-1.0" />
               </vertex>
               <vertex>
                  <position x="0.0" y="0.0399999999999996" z="-4.04270394938067e-014" />
                  <normal x="0.0" y="1.02751834818449e-012" z="-1.0" />
               </vertex>
               <vertex>
                  <position x="0.0786370330515618" y="0.0503527618041009" z="-2.88764567812905e-014" />
                  <normal x="0.0" y="1.02751834818449e-012" z="-1.0" />
               </vertex>
               <vertex>
                  <position x="0.00136296694843732" y="0.0503527618041009" z="-2.88764567812905e-014" />
                  <normal x="0.0" y="1.02751834818449e-012" z="-1.0" />
               </vertex>
               <vertex>
                  <position x="0.0746410161513765" y="0.0599999999999994" z="-2.31011654250324e-014" />
                  <normal x="0.0" y="1.02751834818449e-012" z="-1.0" />
               </vertex>
               <vertex>
                  <position x="0.00535898384862259" y="0.0599999999999994" z="-2.31011654250324e-014" />
                  <normal x="0.0" y="1.02751834818449e-012" z="-1.0" />
               </vertex>
               <vertex>
                  <position x="0.0682842712474604" y="0.0682842712474619" z="-1.15505827125162e-014" />
                  <normal x="0.0" y="1.02751834818449e-012" z="-1.0" />
               </vertex>
               <vertex>
                  <position x="0.0117157287525387" y="0.0682842712474604" z="-1.15505827125162e-014" />
                  <normal x="0.0" y="1.02751834818449e-012" z="-1.0" />
               </vertex>
               <vertex>
                  <position x="0.0199999999999998" y="0.0746410161513765" z="-5.77529135625809e-015" />
                  <normal x="0.0" y="1.02751834818449e-012" z="-1.0" />
               </vertex>
               <vertex>
                  <position x="0.0599999999999994" y="0.0746410161513765" z="-5.77529135625809e-015" />
                  <normal x="0.0" y="1.02751834818449e-012" z="-1.0" />
               </vertex>
               <vertex>
                  <position x="0.0503527618041009" y="0.0786370330515618" z="-0.0" />
                  <normal x="0.0" y="1.02751834818449e-012" z="-1.0" />
               </vertex>
               <vertex>
                  <position x="0.0296472381958982" y="0.0786370330515618" z="-0.0" />
                  <normal x="0.0" y="1.02751834818449e-012" z="-1.0" />
               </vertex>
               <vertex>
                  <position x="0.0399999999999996" y="0.0799999999999991" z="-0.0" />
                  <normal x="0.0" y="1.02751834818449e-012" z="-1.0" />
               </vertex>
               <vertex>
                  <position x="0.0503527618041009" y="0.00136296694997697" z="-1.50000000000013" />
                  <normal x="-0.258819045102536" y="0.965925826289064" z="9.92506509497275e-013" />
               </vertex>
               <vertex>
                  <position x="0.0399999999999996" y="0.0" z="-8.08540789876133e-014" />
                  <normal x="-0.0" y="1.0" z="1.02751834818449e-012" />
               </vertex>
               <vertex>
                  <position x="0.0399999999999996" y="1.53965658000743e-012" z="-1.50000000000013" />
                  <normal x="-0.0" y="1.0" z="1.02751834818449e-012" />
               </vertex>
               <vertex>
                  <position x="0.0503527618041009" y="0.00136296694843732" z="-8.08540789876133e-014" />
                  <normal x="-0.258819045102538" y="0.965925826289064" z="9.92506509497274e-013" />
               </vertex>
               <vertex>
                  <position x="0.0599999999999994" y="0.00535898385016224" z="-1.50000000000013" />
                  <normal x="-0.500000000000067" y="0.8660254037844" z="8.8985699238235e-013" />
               </vertex>
               <vertex>
                  <position x="0.0503527618041009" y="0.00136296694843732" z="-8.08540789876133e-014" />
                  <normal x="-0.258819045102538" y="0.965925826289064" z="9.92506509497274e-013" />
               </vertex>
               <vertex>
                  <position x="0.0503527618041009" y="0.00136296694997697" z="-1.50000000000013" />
                  <normal x="-0.258819045102536" y="0.965925826289064" z="9.92506509497275e-013" />
               </vertex>
               <vertex>
                  <position x="0.0599999999999994" y="0.00535898384862259" z="-7.50787876313552e-014" />
                  <normal x="-0.500000000000053" y="0.866025403784408" z="8.89856992382358e-013" />
               </vertex>
               <vertex>
                  <position x="0.0682842712474604" y="0.0117157287540783" z="-1.50000000000012" />
                  <normal x="-0.707106781186541" y="0.707106781186554" z="7.26565191794857e-013" />
               </vertex>
               <vertex>
                  <position x="0.0599999999999994" y="0.00535898384862259" z="-7.50787876313552e-014" />
                  <normal x="-0.500000000000053" y="0.866025403784408" z="8.89856992382358e-013" />
               </vertex>
               <vertex>
                  <position x="0.0599999999999994" y="0.00535898385016224" z="-1.50000000000013" />
                  <normal x="-0.500000000000067" y="0.8660254037844" z="8.8985699238235e-013" />
               </vertex>
               <vertex>
                  <position x="0.0682842712474604" y="0.0117157287525387" z="-6.93034962750971e-014" />
                  <normal x="-0.707106781186538" y="0.707106781186557" z="7.2656519179486e-013" />
               </vertex>
               <vertex>
                  <position x="0.0682842712474604" y="0.0117157287525387" z="-6.93034962750971e-014" />
                  <normal x="-0.707106781186538" y="0.707106781186557" z="7.2656519179486e-013" />
               </vertex>
               <vertex>
                  <position x="0.0746410161513765" y="0.0200000000015394" z="-1.50000000000011" />
                  <normal x="-0.8660254037844" y="0.500000000000066" z="5.13759174092311e-013" />
               </vertex>
               <vertex>
                  <position x="0.0746410161513765" y="0.0199999999999998" z="-6.3528204918839e-014" />
                  <normal x="-0.866025403784408" y="0.500000000000054" z="5.13759174092298e-013" />
               </vertex>
               <vertex>
                  <position x="0.0682842712474604" y="0.0117157287540783" z="-1.50000000000012" />
                  <normal x="-0.707106781186541" y="0.707106781186554" z="7.26565191794857e-013" />
               </vertex>
               <vertex>
                  <position x="0.0746410161513765" y="0.0199999999999998" z="-6.3528204918839e-014" />
                  <normal x="-0.866025403784408" y="0.500000000000054" z="5.13759174092298e-013" />
               </vertex>
               <vertex>
                  <position x="0.0786370330515618" y="0.0296472381974379" z="-1.5000000000001" />
                  <normal x="-0.965925826289067" y="0.258819045102524" z="2.65941317702432e-013" />
               </vertex>
               <vertex>
                  <position x="0.0786370330515618" y="0.0296472381958982" z="-5.19776222063228e-014" />
                  <normal x="-0.965925826289067" y="0.258819045102527" z="2.65941317702434e-013" />
               </vertex>
               <vertex>
                  <position x="0.0746410161513765" y="0.0200000000015394" z="-1.50000000000011" />
                  <normal x="-0.8660254037844" y="0.500000000000066" z="5.13759174092311e-013" />
               </vertex>
               <vertex>
                  <position x="0.0786370330515618" y="0.0296472381958982" z="-5.19776222063228e-014" />
                  <normal x="-0.965925826289067" y="0.258819045102527" z="2.65941317702434e-013" />
               </vertex>
               <vertex>
                  <position x="0.0799999999999991" y="0.0400000000015392" z="-1.50000000000009" />
                  <normal x="-1.0" y="-1.57548422955065e-014" z="-1.61930052595432e-026" />
               </vertex>
               <vertex>
                  <position x="0.0799999999999991" y="0.0399999999999996" z="-4.04270394938067e-014" />
                  <normal x="-1.0" y="-7.42295454307387e-015" z="-7.61833080278674e-027" />
               </vertex>
               <vertex>
                  <position x="0.0786370330515618" y="0.0296472381974379" z="-1.5000000000001" />
                  <normal x="-0.965925826289067" y="0.258819045102524" z="2.65941317702432e-013" />
               </vertex>
               <vertex>
                  <position x="0.0799999999999991" y="0.0399999999999996" z="-4.04270394938067e-014" />
                  <normal x="-1.0" y="-7.42295454307387e-015" z="-7.61833080278674e-027" />
               </vertex>
               <vertex>
                  <position x="0.0786370330515618" y="0.0503527618056406" z="-1.50000000000008" />
                  <normal x="-0.965925826289067" y="-0.258819045102527" z="-2.65941317702434e-013" />
               </vertex>
               <vertex>
                  <position x="0.0786370330515618" y="0.0503527618041009" z="-2.88764567812905e-014" />
                  <normal x="-0.965925826289067" y="-0.258819045102524" z="-2.65941317702432e-013" />
               </vertex>
               <vertex>
                  <position x="0.0799999999999991" y="0.0400000000015392" z="-1.50000000000009" />
                  <normal x="-1.0" y="-1.57548422955065e-014" z="-1.61930052595432e-026" />
               </vertex>
               <vertex>
                  <position x="0.0786370330515618" y="0.0503527618041009" z="-2.88764567812905e-014" />
                  <normal x="-0.965925826289067" y="-0.258819045102524" z="-2.65941317702432e-013" />
               </vertex>
               <vertex>
                  <position x="0.0746410161513765" y="0.060000000001539" z="-1.50000000000007" />
                  <normal x="-0.86602540378444" y="-0.499999999999997" z="-5.1375917409224e-013" />
               </vertex>
               <vertex>
                  <position x="0.0746410161513765" y="0.0599999999999994" z="-2.31011654250324e-014" />
                  <normal x="-0.866025403784433" y="-0.50000000000001" z="-5.13759174092253e-013" />
               </vertex>
               <vertex>
                  <position x="0.0786370330515618" y="0.0503527618056406" z="-1.50000000000008" />
                  <normal x="-0.965925826289067" y="-0.258819045102527" z="-2.65941317702434e-013" />
               </vertex>
               <vertex>
                  <position x="0.0746410161513765" y="0.0599999999999994" z="-2.31011654250324e-014" />
                  <normal x="-0.866025403784433" y="-0.50000000000001" z="-5.13759174092253e-013" />
               </vertex>
               <vertex>
                  <position x="0.0682842712474604" y="0.0682842712490015" z="-1.50000000000006" />
                  <normal x="-0.707106781186545" y="-0.70710678118655" z="-7.26565191794853e-013" />
               </vertex>
               <vertex>
                  <position x="0.0682842712474604" y="0.0682842712474619" z="-1.15505827125162e-014" />
                  <normal x="-0.707106781186532" y="-0.707106781186563" z="-7.26565191794866e-013" />
               </vertex>
               <vertex>
                  <position x="0.0746410161513765" y="0.060000000001539" z="-1.50000000000007" />
                  <normal x="-0.86602540378444" y="-0.499999999999997" z="-5.1375917409224e-013" />
               </vertex>
               <vertex>
                  <position x="0.0682842712474604" y="0.0682842712474619" z="-1.15505827125162e-014" />
                  <normal x="-0.707106781186532" y="-0.707106781186563" z="-7.26565191794866e-013" />
               </vertex>
               <vertex>
                  <position x="0.0599999999999994" y="0.0746410161529162" z="-1.50000000000005" />
                  <normal x="-0.499999999999986" y="-0.866025403784447" z="-8.89856992382398e-013" />
               </vertex>
               <vertex>
                  <position x="0.0599999999999994" y="0.0746410161513765" z="-5.77529135625809e-015" />
                  <normal x="-0.499999999999999" y="-0.866025403784439" z="-8.8985699238239e-013" />
               </vertex>
               <vertex>
                  <position x="0.0682842712474604" y="0.0682842712490015" z="-1.50000000000006" />
                  <normal x="-0.707106781186545" y="-0.70710678118655" z="-7.26565191794853e-013" />
               </vertex>
               <vertex>
                  <position x="0.0296472381958982" y="0.00136296694997697" z="-1.50000000000013" />
                  <normal x="-0.0" y="-1.02751834818449e-012" z="1.0" />
               </vertex>
               <vertex>
                  <position x="0.0503527618041009" y="0.00136296694997697" z="-1.50000000000013" />
                  <normal x="-0.0" y="-1.02751834818449e-012" z="1.0" />
               </vertex>
               <vertex>
                  <position x="0.0399999999999996" y="1.53965658000743e-012" z="-1.50000000000013" />
                  <normal x="-0.0" y="-1.02751834818449e-012" z="1.0" />
               </vertex>
               <vertex>
                  <position x="0.0199999999999998" y="0.00535898385016224" z="-1.50000000000013" />
                  <normal x="-0.0" y="-1.02751834818449e-012" z="1.0" />
               </vertex>
               <vertex>
                  <position x="0.0599999999999994" y="0.00535898385016224" z="-1.50000000000013" />
                  <normal x="-0.0" y="-1.02751834818449e-012" z="1.0" />
               </vertex>
               <vertex>
                  <position x="0.0117157287525387" y="0.0117157287540783" z="-1.50000000000012" />
                  <normal x="-0.0" y="-1.02751834818449e-012" z="1.0" />
               </vertex>
               <vertex>
                  <position x="0.0682842712474604" y="0.0117157287540783" z="-1.50000000000012" />
                  <normal x="-0.0" y="-1.02751834818449e-012" z="1.0" />
               </vertex>
               <vertex>
                  <position x="0.00535898384862259" y="0.0200000000015394" z="-1.50000000000011" />
                  <normal x="-0.0" y="-1.02751834818449e-012" z="1.0" />
               </vertex>
               <vertex>
                  <position x="0.0746410161513765" y="0.0200000000015394" z="-1.50000000000011" />
                  <normal x="-0.0" y="-1.02751834818449e-012" z="1.0" />
               </vertex>
               <vertex>
                  <position x="0.00136296694843732" y="0.0296472381974379" z="-1.5000000000001" />
                  <normal x="-0.0" y="-1.02751834818449e-012" z="1.0" />
               </vertex>
               <vertex>
                  <position x="0.0786370330515618" y="0.0296472381974379" z="-1.5000000000001" />
                  <normal x="-0.0" y="-1.02751834818449e-012" z="1.0" />
               </vertex>
               <vertex>
                  <position x="0.0" y="0.0400000000015392" z="-1.50000000000009" />
                  <normal x="-0.0" y="-1.02751834818449e-012" z="1.0" />
               </vertex>
               <vertex>
                  <position x="0.0799999999999991" y="0.0400000000015392" z="-1.50000000000009" />
                  <normal x="-0.0" y="-1.02751834818449e-012" z="1.0" />
               </vertex>
               <vertex>
                  <position x="0.00136296694843732" y="0.0503527618056406" z="-1.50000000000008" />
                  <normal x="-0.0" y="-1.02751834818449e-012" z="1.0" />
               </vertex>
               <vertex>
                  <position x="0.0786370330515618" y="0.0503527618056406" z="-1.50000000000008" />
                  <normal x="-0.0" y="-1.02751834818449e-012" z="1.0" />
               </vertex>
               <vertex>
                  <position x="0.00535898384862259" y="0.060000000001539" z="-1.50000000000007" />
                  <normal x="-0.0" y="-1.02751834818449e-012" z="1.0" />
               </vertex>
               <vertex>
                  <position x="0.0746410161513765" y="0.060000000001539" z="-1.50000000000007" />
                  <normal x="-0.0" y="-1.02751834818449e-012" z="1.0" />
               </vertex>
               <vertex>
                  <position x="0.0117157287525387" y="0.0682842712490001" z="-1.50000000000006" />
                  <normal x="-0.0" y="-1.02751834818449e-012" z="1.0" />
               </vertex>
               <vertex>
                  <position x="0.0682842712474604" y="0.0682842712490015" z="-1.50000000000006" />
                  <normal x="-0.0" y="-1.02751834818449e-012" z="1.0" />
               </vertex>
               <vertex>
                  <position x="0.0199999999999998" y="0.0746410161529162" z="-1.50000000000005" />
                  <normal x="-0.0" y="-1.02751834818449e-012" z="1.0" />
               </vertex>
               <vertex>
                  <position x="0.0599999999999994" y="0.0746410161529162" z="-1.50000000000005" />
                  <normal x="-0.0" y="-1.02751834818449e-012" z="1.0" />
               </vertex>
               <vertex>
                  <position x="0.0296472381958982" y="0.0786370330531015" z="-1.50000000000005" />
                  <normal x="-0.0" y="-1.02751834818449e-012" z="1.0" />
               </vertex>
               <vertex>
                  <position x="0.0503527618041009" y="0.0786370330531015" z="-1.50000000000005" />
                  <normal x="-0.0" y="-1.02751834818449e-012" z="1.0" />
               </vertex>
               <vertex>
                  <position x="0.0399999999999996" y="0.0800000000015388" z="-1.50000000000005" />
                  <normal x="-0.0" y="-1.02751834818449e-012" z="1.0" />
               </vertex>
               <vertex>
                  <position x="0.0117157287525387" y="0.0682842712490001" z="-1.50000000000006" />
                  <normal x="0.707106781186554" y="-0.707106781186541" z="-7.26565191794844e-013" />
               </vertex>
               <vertex>
                  <position x="0.00535898384862259" y="0.0599999999999994" z="-2.31011654250324e-014" />
                  <normal x="0.866025403784412" y="-0.500000000000046" z="-5.13759174092291e-013" />
               </vertex>
               <vertex>
                  <position x="0.0117157287525387" y="0.0682842712474604" z="-1.15505827125162e-014" />
                  <normal x="0.707106781186541" y="-0.707106781186554" z="-7.26565191794857e-013" />
               </vertex>
               <vertex>
                  <position x="0.00535898384862259" y="0.060000000001539" z="-1.50000000000007" />
                  <normal x="0.866025403784419" y="-0.500000000000034" z="-5.13759174092278e-013" />
               </vertex>
               <vertex>
                  <position x="0.0199999999999998" y="0.0746410161513765" z="-5.77529135625809e-015" />
                  <normal x="0.500000000000047" y="-0.866025403784412" z="-8.89856992382362e-013" />
               </vertex>
               <vertex>
                  <position x="0.0117157287525387" y="0.0682842712490001" z="-1.50000000000006" />
                  <normal x="0.707106781186554" y="-0.707106781186541" z="-7.26565191794844e-013" />
               </vertex>
               <vertex>
                  <position x="0.0117157287525387" y="0.0682842712474604" z="-1.15505827125162e-014" />
                  <normal x="0.707106781186541" y="-0.707106781186554" z="-7.26565191794857e-013" />
               </vertex>
               <vertex>
                  <position x="0.0199999999999998" y="0.0746410161529162" z="-1.50000000000005" />
                  <normal x="0.500000000000033" y="-0.86602540378442" z="-8.8985699238237e-013" />
               </vertex>
               <vertex>
                  <position x="0.0296472381958982" y="0.0786370330515618" z="-0.0" />
                  <normal x="0.258819045102536" y="-0.965925826289064" z="-9.92506509497274e-013" />
               </vertex>
               <vertex>
                  <position x="0.0199999999999998" y="0.0746410161529162" z="-1.50000000000005" />
                  <normal x="0.500000000000033" y="-0.86602540378442" z="-8.8985699238237e-013" />
               </vertex>
               <vertex>
                  <position x="0.0199999999999998" y="0.0746410161513765" z="-5.77529135625809e-015" />
                  <normal x="0.500000000000047" y="-0.866025403784412" z="-8.89856992382362e-013" />
               </vertex>
               <vertex>
                  <position x="0.0296472381958982" y="0.0786370330531015" z="-1.50000000000005" />
                  <normal x="0.258819045102538" y="-0.965925826289064" z="-9.92506509497274e-013" />
               </vertex>
               <vertex>
                  <position x="0.0399999999999996" y="0.0799999999999991" z="-0.0" />
                  <normal x="-0.0" y="-1.0" z="-1.02751834818449e-012" />
               </vertex>
               <vertex>
                  <position x="0.0296472381958982" y="0.0786370330531015" z="-1.50000000000005" />
                  <normal x="0.258819045102538" y="-0.965925826289064" z="-9.92506509497274e-013" />
               </vertex>
               <vertex>
                  <position x="0.0296472381958982" y="0.0786370330515618" z="-0.0" />
                  <normal x="0.258819045102536" y="-0.965925826289064" z="-9.92506509497274e-013" />
               </vertex>
               <vertex>
                  <position x="0.0399999999999996" y="0.0800000000015388" z="-1.50000000000005" />
                  <normal x="-0.0" y="-1.0" z="-1.02751834818449e-012" />
               </vertex>
               <vertex>
                  <position x="0.0503527618041009" y="0.0786370330515618" z="-0.0" />
                  <normal x="-0.258819045102536" y="-0.965925826289064" z="-9.92506509497274e-013" />
               </vertex>
               <vertex>
                  <position x="0.0399999999999996" y="0.0800000000015388" z="-1.50000000000005" />
                  <normal x="-0.0" y="-1.0" z="-1.02751834818449e-012" />
               </vertex>
               <vertex>
                  <position x="0.0399999999999996" y="0.0799999999999991" z="-0.0" />
                  <normal x="-0.0" y="-1.0" z="-1.02751834818449e-012" />
               </vertex>
               <vertex>
                  <position x="0.0503527618041009" y="0.0786370330531015" z="-1.50000000000005" />
                  <normal x="-0.258819045102538" y="-0.965925826289064" z="-9.92506509497274e-013" />
               </vertex>
               <vertex>
                  <position x="0.0599999999999994" y="0.0746410161513765" z="-5.77529135625809e-015" />
                  <normal x="-0.499999999999999" y="-0.866025403784439" z="-8.8985699238239e-013" />
               </vertex>
               <vertex>
                  <position x="0.0503527618041009" y="0.0786370330531015" z="-1.50000000000005" />
                  <normal x="-0.258819045102538" y="-0.965925826289064" z="-9.92506509497274e-013" />
               </vertex>
               <vertex>
                  <position x="0.0503527618041009" y="0.0786370330515618" z="-0.0" />
                  <normal x="-0.258819045102536" y="-0.965925826289064" z="-9.92506509497274e-013" />
               </vertex>
               <vertex>
                  <position x="0.0599999999999994" y="0.0746410161529162" z="-1.50000000000005" />
                  <normal x="-0.499999999999986" y="-0.866025403784447" z="-8.89856992382398e-013" />
               </vertex>
            </vertexbuffer>
         </geometry>
      </submesh>
      <submesh material = "_Silver_" usesharedvertices="false" use32bitindexes="false">
         <faces count="92">
            <face v1="0" v2="1" v3="2" />
            <face v1="1" v2="0" v3="3" />
            <face v1="4" v2="5" v3="6" />
            <face v1="5" v2="4" v3="7" />
            <face v1="8" v2="9" v3="10" />
            <face v1="9" v2="8" v3="11" />
            <face v1="12" v2="13" v3="14" />
            <face v1="13" v2="12" v3="15" />
            <face v1="16" v2="17" v3="18" />
            <face v1="17" v2="16" v3="19" />
            <face v1="20" v2="21" v3="22" />
            <face v1="21" v2="20" v3="23" />
            <face v1="24" v2="25" v3="26" />
            <face v1="25" v2="24" v3="27" />
            <face v1="28" v2="29" v3="30" />
            <face v1="29" v2="28" v3="31" />
            <face v1="32" v2="33" v3="34" />
            <face v1="33" v2="32" v3="35" />
            <face v1="33" v2="35" v3="36" />
            <face v1="36" v2="35" v3="37" />
            <face v1="36" v2="37" v3="38" />
            <face v1="38" v2="37" v3="39" />
            <face v1="38" v2="39" v3="40" />
            <face v1="40" v2="39" v3="41" />
            <face v1="40" v2="41" v3="42" />
            <face v1="42" v2="41" v3="43" />
            <face v1="42" v2="43" v3="44" />
            <face v1="44" v2="43" v3="45" />
            <face v1="44" v2="45" v3="46" />
            <face v1="46" v2="45" v3="47" />
            <face v1="46" v2="47" v3="48" />
            <face v1="48" v2="47" v3="49" />
            <face v1="48" v2="49" v3="50" />
            <face v1="50" v2="49" v3="51" />
            <face v1="51" v2="49" v3="52" />
            <face v1="51" v2="52" v3="53" />
            <face v1="51" v2="53" v3="54" />
            <face v1="54" v2="53" v3="55" />
            <face v1="56" v2="57" v3="58" />
            <face v1="57" v2="56" v3="59" />
            <face v1="60" v2="61" v3="62" />
            <face v1="61" v2="60" v3="63" />
            <face v1="64" v2="65" v3="66" />
            <face v1="65" v2="64" v3="67" />
            <face v1="68" v2="69" v3="70" />
            <face v1="69" v2="68" v3="71" />
            <face v1="72" v2="73" v3="74" />
            <face v1="73" v2="72" v3="75" />
            <face v1="76" v2="77" v3="78" />
            <face v1="77" v2="76" v3="79" />
            <face v1="80" v2="81" v3="82" />
            <face v1="81" v2="80" v3="83" />
            <face v1="84" v2="85" v3="86" />
            <face v1="85" v2="84" v3="87" />
            <face v1="88" v2="89" v3="90" />
            <face v1="89" v2="88" v3="91" />
            <face v1="92" v2="93" v3="94" />
            <face v1="93" v2="92" v3="95" />
            <face v1="96" v2="97" v3="98" />
            <face v1="97" v2="96" v3="99" />
            <face v1="97" v2="99" v3="100" />
            <face v1="100" v2="99" v3="101" />
            <face v1="100" v2="101" v3="102" />
            <face v1="102" v2="101" v3="103" />
            <face v1="102" v2="103" v3="104" />
            <face v1="104" v2="103" v3="105" />
            <face v1="104" v2="105" v3="106" />
            <face v1="106" v2="105" v3="107" />
            <face v1="106" v2="107" v3="108" />
            <face v1="108" v2="107" v3="109" />
            <face v1="108" v2="109" v3="110" />
            <face v1="110" v2="109" v3="111" />
            <face v1="110" v2="111" v3="112" />
            <face v1="112" v2="111" v3="113" />
            <face v1="112" v2="113" v3="114" />
            <face v1="114" v2="113" v3="115" />
            <face v1="114" v2="115" v3="116" />
            <face v1="116" v2="115" v3="117" />
            <face v1="116" v2="117" v3="118" />
            <face v1="118" v2="117" v3="119" />
            <face v1="120" v2="121" v3="122" />
            <face v1="121" v2="120" v3="123" />
            <face v1="124" v2="125" v3="126" />
            <face v1="125" v2="124" v3="127" />
            <face v1="128" v2="129" v3="130" />
            <face v1="129" v2="128" v3="131" />
            <face v1="132" v2="133" v3="134" />
            <face v1="133" v2="132" v3="135" />
            <face v1="136" v2="137" v3="138" />
            <face v1="137" v2="136" v3="139" />
            <face v1="140" v2="141" v3="142" />
            <face v1="141" v2="140" v3="143" />
         </faces>
         <geometry vertexcount="144">
            <vertexbuffer positions="true" normals="true" colours_diffuse="false"  >
               <vertex>
                  <position x="0.00535898384862259" y="0.060000000001539" z="-1.50000000000007" />
                  <normal x="-0.866025403784419" y="0.500000000000034" z="5.13759174092278e-013" />
               </vertex>
               <vertex>
                  <position x="0.00136296694843732" y="0.0503527618041009" z="-2.88764567812905e-014" />
                  <normal x="-0.965925826289067" y="0.258819045102524" z="2.65941317702432e-013" />
               </vertex>
               <vertex>
                  <position x="0.00535898384862259" y="0.0599999999999994" z="-2.31011654250324e-014" />
                  <normal x="-0.866025403784412" y="0.500000000000046" z="5.13759174092291e-013" />
               </vertex>
               <vertex>
                  <position x="0.00136296694843732" y="0.0503527618056406" z="-1.50000000000008" />
                  <normal x="-0.965925826289067" y="0.258819045102527" z="2.65941317702434e-013" />
               </vertex>
               <vertex>
                  <position x="0.00136296694843732" y="0.0503527618056406" z="-1.50000000000008" />
                  <normal x="-0.965925826289067" y="0.258819045102527" z="2.65941317702434e-013" />
               </vertex>
               <vertex>
                  <position x="0.0" y="0.0399999999999996" z="-4.04270394938067e-014" />
                  <normal x="-1.0" y="7.42295454307387e-015" z="7.61833080278674e-027" />
               </vertex>
               <vertex>
                  <position x="0.00136296694843732" y="0.0503527618041009" z="-2.88764567812905e-014" />
                  <normal x="-0.965925826289067" y="0.258819045102524" z="2.65941317702432e-013" />
               </vertex>
               <vertex>
                  <position x="0.0" y="0.0400000000015392" z="-1.50000000000009" />
                  <normal x="-1.0" y="1.57548422955065e-014" z="1.61930052595432e-026" />
               </vertex>
               <vertex>
                  <position x="0.0" y="0.0400000000015392" z="-1.50000000000009" />
                  <normal x="-1.0" y="1.57548422955065e-014" z="1.61930052595432e-026" />
               </vertex>
               <vertex>
                  <position x="0.00136296694843732" y="0.0296472381958982" z="-5.19776222063228e-014" />
                  <normal x="-0.965925826289067" y="-0.258819045102527" z="-2.65941317702434e-013" />
               </vertex>
               <vertex>
                  <position x="0.0" y="0.0399999999999996" z="-4.04270394938067e-014" />
                  <normal x="-1.0" y="7.42295454307387e-015" z="7.61833080278674e-027" />
               </vertex>
               <vertex>
                  <position x="0.00136296694843732" y="0.0296472381974379" z="-1.5000000000001" />
                  <normal x="-0.965925826289067" y="-0.258819045102524" z="-2.65941317702432e-013" />
               </vertex>
               <vertex>
                  <position x="0.00136296694843732" y="0.0296472381974379" z="-1.5000000000001" />
                  <normal x="-0.965925826289067" y="-0.258819045102524" z="-2.65941317702432e-013" />
               </vertex>
               <vertex>
                  <position x="0.00535898384862259" y="0.0199999999999998" z="-6.3528204918839e-014" />
                  <normal x="-0.866025403784408" y="-0.500000000000054" z="-5.13759174092298e-013" />
               </vertex>
               <vertex>
                  <position x="0.00136296694843732" y="0.0296472381958982" z="-5.19776222063228e-014" />
                  <normal x="-0.965925826289067" y="-0.258819045102527" z="-2.65941317702434e-013" />
               </vertex>
               <vertex>
                  <position x="0.00535898384862259" y="0.0200000000015394" z="-1.50000000000011" />
                  <normal x="-0.8660254037844" y="-0.500000000000066" z="-5.13759174092311e-013" />
               </vertex>
               <vertex>
                  <position x="0.00535898384862259" y="0.0200000000015394" z="-1.50000000000011" />
                  <normal x="-0.8660254037844" y="-0.500000000000066" z="-5.13759174092311e-013" />
               </vertex>
               <vertex>
                  <position x="0.0117157287525387" y="0.0117157287525387" z="-6.93034962750971e-014" />
                  <normal x="-0.707106781186538" y="-0.707106781186557" z="-7.2656519179486e-013" />
               </vertex>
               <vertex>
                  <position x="0.00535898384862259" y="0.0199999999999998" z="-6.3528204918839e-014" />
                  <normal x="-0.866025403784408" y="-0.500000000000054" z="-5.13759174092298e-013" />
               </vertex>
               <vertex>
                  <position x="0.0117157287525387" y="0.0117157287540783" z="-1.50000000000012" />
                  <normal x="-0.707106781186541" y="-0.707106781186554" z="-7.26565191794857e-013" />
               </vertex>
               <vertex>
                  <position x="0.0199999999999998" y="0.00535898385016224" z="-1.50000000000013" />
                  <normal x="-0.500000000000067" y="-0.8660254037844" z="-8.8985699238235e-013" />
               </vertex>
               <vertex>
                  <position x="0.0117157287525387" y="0.0117157287525387" z="-6.93034962750971e-014" />
                  <normal x="-0.707106781186538" y="-0.707106781186557" z="-7.2656519179486e-013" />
               </vertex>
               <vertex>
                  <position x="0.0117157287525387" y="0.0117157287540783" z="-1.50000000000012" />
                  <normal x="-0.707106781186541" y="-0.707106781186554" z="-7.26565191794857e-013" />
               </vertex>
               <vertex>
                  <position x="0.0199999999999998" y="0.00535898384862259" z="-7.50787876313552e-014" />
                  <normal x="-0.500000000000053" y="-0.866025403784408" z="-8.89856992382358e-013" />
               </vertex>
               <vertex>
                  <position x="0.0296472381958982" y="0.00136296694997697" z="-1.50000000000013" />
                  <normal x="-0.258819045102536" y="-0.965925826289064" z="-9.92506509497275e-013" />
               </vertex>
               <vertex>
                  <position x="0.0199999999999998" y="0.00535898384862259" z="-7.50787876313552e-014" />
                  <normal x="-0.500000000000053" y="-0.866025403784408" z="-8.89856992382358e-013" />
               </vertex>
               <vertex>
                  <position x="0.0199999999999998" y="0.00535898385016224" z="-1.50000000000013" />
                  <normal x="-0.500000000000067" y="-0.8660254037844" z="-8.8985699238235e-013" />
               </vertex>
               <vertex>
                  <position x="0.0296472381958982" y="0.00136296694843732" z="-8.08540789876133e-014" />
                  <normal x="-0.258819045102538" y="-0.965925826289064" z="-9.92506509497274e-013" />
               </vertex>
               <vertex>
                  <position x="0.0399999999999996" y="1.53965658000743e-012" z="-1.50000000000013" />
                  <normal x="0.0" y="-1.0" z="-1.02751834818449e-012" />
               </vertex>
               <vertex>
                  <position x="0.0296472381958982" y="0.00136296694843732" z="-8.08540789876133e-014" />
                  <normal x="-0.258819045102538" y="-0.965925826289064" z="-9.92506509497274e-013" />
               </vertex>
               <vertex>
                  <position x="0.0296472381958982" y="0.00136296694997697" z="-1.50000000000013" />
                  <normal x="-0.258819045102536" y="-0.965925826289064" z="-9.92506509497275e-013" />
               </vertex>
               <vertex>
                  <position x="0.0399999999999996" y="0.0" z="-8.08540789876133e-014" />
                  <normal x="0.0" y="-1.0" z="-1.02751834818449e-012" />
               </vertex>
               <vertex>
                  <position x="0.0503527618041009" y="0.00136296694843732" z="-8.08540789876133e-014" />
                  <normal x="-0.0" y="-1.02751834818449e-012" z="1.0" />
               </vertex>
               <vertex>
                  <position x="0.0296472381958982" y="0.00136296694843732" z="-8.08540789876133e-014" />
                  <normal x="-0.0" y="-1.02751834818449e-012" z="1.0" />
               </vertex>
               <vertex>
                  <position x="0.0399999999999996" y="0.0" z="-8.08540789876133e-014" />
                  <normal x="-0.0" y="-1.02751834818449e-012" z="1.0" />
               </vertex>
               <vertex>
                  <position x="0.0599999999999994" y="0.00535898384862259" z="-7.50787876313552e-014" />
                  <normal x="-0.0" y="-1.02751834818449e-012" z="1.0" />
               </vertex>
               <vertex>
                  <position x="0.0199999999999998" y="0.00535898384862259" z="-7.50787876313552e-014" />
                  <normal x="-0.0" y="-1.02751834818449e-012" z="1.0" />
               </vertex>
               <vertex>
                  <position x="0.0682842712474604" y="0.0117157287525387" z="-6.93034962750971e-014" />
                  <normal x="-0.0" y="-1.02751834818449e-012" z="1.0" />
               </vertex>
               <vertex>
                  <position x="0.0117157287525387" y="0.0117157287525387" z="-6.93034962750971e-014" />
                  <normal x="-0.0" y="-1.02751834818449e-012" z="1.0" />
               </vertex>
               <vertex>
                  <position x="0.0746410161513765" y="0.0199999999999998" z="-6.3528204918839e-014" />
                  <normal x="-0.0" y="-1.02751834818449e-012" z="1.0" />
               </vertex>
               <vertex>
                  <position x="0.00535898384862259" y="0.0199999999999998" z="-6.3528204918839e-014" />
                  <normal x="-0.0" y="-1.02751834818449e-012" z="1.0" />
               </vertex>
               <vertex>
                  <position x="0.0786370330515618" y="0.0296472381958982" z="-5.19776222063228e-014" />
                  <normal x="-0.0" y="-1.02751834818449e-012" z="1.0" />
               </vertex>
               <vertex>
                  <position x="0.00136296694843732" y="0.0296472381958982" z="-5.19776222063228e-014" />
                  <normal x="-0.0" y="-1.02751834818449e-012" z="1.0" />
               </vertex>
               <vertex>
                  <position x="0.0799999999999991" y="0.0399999999999996" z="-4.04270394938067e-014" />
                  <normal x="-0.0" y="-1.02751834818449e-012" z="1.0" />
               </vertex>
               <vertex>
                  <position x="0.0" y="0.0399999999999996" z="-4.04270394938067e-014" />
                  <normal x="-0.0" y="-1.02751834818449e-012" z="1.0" />
               </vertex>
               <vertex>
                  <position x="0.0786370330515618" y="0.0503527618041009" z="-2.88764567812905e-014" />
                  <normal x="-0.0" y="-1.02751834818449e-012" z="1.0" />
               </vertex>
               <vertex>
                  <position x="0.00136296694843732" y="0.0503527618041009" z="-2.88764567812905e-014" />
                  <normal x="-0.0" y="-1.02751834818449e-012" z="1.0" />
               </vertex>
               <vertex>
                  <position x="0.0746410161513765" y="0.0599999999999994" z="-2.31011654250324e-014" />
                  <normal x="-0.0" y="-1.02751834818449e-012" z="1.0" />
               </vertex>
               <vertex>
                  <position x="0.00535898384862259" y="0.0599999999999994" z="-2.31011654250324e-014" />
                  <normal x="-0.0" y="-1.02751834818449e-012" z="1.0" />
               </vertex>
               <vertex>
                  <position x="0.0682842712474604" y="0.0682842712474619" z="-1.15505827125162e-014" />
                  <normal x="-0.0" y="-1.02751834818449e-012" z="1.0" />
               </vertex>
               <vertex>
                  <position x="0.0117157287525387" y="0.0682842712474604" z="-1.15505827125162e-014" />
                  <normal x="-0.0" y="-1.02751834818449e-012" z="1.0" />
               </vertex>
               <vertex>
                  <position x="0.0199999999999998" y="0.0746410161513765" z="-5.77529135625809e-015" />
                  <normal x="-0.0" y="-1.02751834818449e-012" z="1.0" />
               </vertex>
               <vertex>
                  <position x="0.0599999999999994" y="0.0746410161513765" z="-5.77529135625809e-015" />
                  <normal x="-0.0" y="-1.02751834818449e-012" z="1.0" />
               </vertex>
               <vertex>
                  <position x="0.0503527618041009" y="0.0786370330515618" z="-0.0" />
                  <normal x="-0.0" y="-1.02751834818449e-012" z="1.0" />
               </vertex>
               <vertex>
                  <position x="0.0296472381958982" y="0.0786370330515618" z="-0.0" />
                  <normal x="-0.0" y="-1.02751834818449e-012" z="1.0" />
               </vertex>
               <vertex>
                  <position x="0.0399999999999996" y="0.0799999999999991" z="-0.0" />
                  <normal x="-0.0" y="-1.02751834818449e-012" z="1.0" />
               </vertex>
               <vertex>
                  <position x="0.0503527618041009" y="0.00136296694997697" z="-1.50000000000013" />
                  <normal x="0.258819045102536" y="-0.965925826289064" z="-9.92506509497275e-013" />
               </vertex>
               <vertex>
                  <position x="0.0399999999999996" y="0.0" z="-8.08540789876133e-014" />
                  <normal x="0.0" y="-1.0" z="-1.02751834818449e-012" />
               </vertex>
               <vertex>
                  <position x="0.0399999999999996" y="1.53965658000743e-012" z="-1.50000000000013" />
                  <normal x="0.0" y="-1.0" z="-1.02751834818449e-012" />
               </vertex>
               <vertex>
                  <position x="0.0503527618041009" y="0.00136296694843732" z="-8.08540789876133e-014" />
                  <normal x="0.258819045102538" y="-0.965925826289064" z="-9.92506509497274e-013" />
               </vertex>
               <vertex>
                  <position x="0.0599999999999994" y="0.00535898385016224" z="-1.50000000000013" />
                  <normal x="0.500000000000067" y="-0.8660254037844" z="-8.8985699238235e-013" />
               </vertex>
               <vertex>
                  <position x="0.0503527618041009" y="0.00136296694843732" z="-8.08540789876133e-014" />
                  <normal x="0.258819045102538" y="-0.965925826289064" z="-9.92506509497274e-013" />
               </vertex>
               <vertex>
                  <position x="0.0503527618041009" y="0.00136296694997697" z="-1.50000000000013" />
                  <normal x="0.258819045102536" y="-0.965925826289064" z="-9.92506509497275e-013" />
               </vertex>
               <vertex>
                  <position x="0.0599999999999994" y="0.00535898384862259" z="-7.50787876313552e-014" />
                  <normal x="0.500000000000053" y="-0.866025403784408" z="-8.89856992382358e-013" />
               </vertex>
               <vertex>
                  <position x="0.0682842712474604" y="0.0117157287540783" z="-1.50000000000012" />
                  <normal x="0.707106781186541" y="-0.707106781186554" z="-7.26565191794857e-013" />
               </vertex>
               <vertex>
                  <position x="0.0599999999999994" y="0.00535898384862259" z="-7.50787876313552e-014" />
                  <normal x="0.500000000000053" y="-0.866025403784408" z="-8.89856992382358e-013" />
               </vertex>
               <vertex>
                  <position x="0.0599999999999994" y="0.00535898385016224" z="-1.50000000000013" />
                  <normal x="0.500000000000067" y="-0.8660254037844" z="-8.8985699238235e-013" />
               </vertex>
               <vertex>
                  <position x="0.0682842712474604" y="0.0117157287525387" z="-6.93034962750971e-014" />
                  <normal x="0.707106781186538" y="-0.707106781186557" z="-7.2656519179486e-013" />
               </vertex>
               <vertex>
                  <position x="0.0682842712474604" y="0.0117157287525387" z="-6.93034962750971e-014" />
                  <normal x="0.707106781186538" y="-0.707106781186557" z="-7.2656519179486e-013" />
               </vertex>
               <vertex>
                  <position x="0.0746410161513765" y="0.0200000000015394" z="-1.50000000000011" />
                  <normal x="0.8660254037844" y="-0.500000000000066" z="-5.13759174092311e-013" />
               </vertex>
               <vertex>
                  <position x="0.0746410161513765" y="0.0199999999999998" z="-6.3528204918839e-014" />
                  <normal x="0.866025403784408" y="-0.500000000000054" z="-5.13759174092298e-013" />
               </vertex>
               <vertex>
                  <position x="0.0682842712474604" y="0.0117157287540783" z="-1.50000000000012" />
                  <normal x="0.707106781186541" y="-0.707106781186554" z="-7.26565191794857e-013" />
               </vertex>
               <vertex>
                  <position x="0.0746410161513765" y="0.0199999999999998" z="-6.3528204918839e-014" />
                  <normal x="0.866025403784408" y="-0.500000000000054" z="-5.13759174092298e-013" />
               </vertex>
               <vertex>
                  <position x="0.0786370330515618" y="0.0296472381974379" z="-1.5000000000001" />
                  <normal x="0.965925826289067" y="-0.258819045102524" z="-2.65941317702432e-013" />
               </vertex>
               <vertex>
                  <position x="0.0786370330515618" y="0.0296472381958982" z="-5.19776222063228e-014" />
                  <normal x="0.965925826289067" y="-0.258819045102527" z="-2.65941317702434e-013" />
               </vertex>
               <vertex>
                  <position x="0.0746410161513765" y="0.0200000000015394" z="-1.50000000000011" />
                  <normal x="0.8660254037844" y="-0.500000000000066" z="-5.13759174092311e-013" />
               </vertex>
               <vertex>
                  <position x="0.0786370330515618" y="0.0296472381958982" z="-5.19776222063228e-014" />
                  <normal x="0.965925826289067" y="-0.258819045102527" z="-2.65941317702434e-013" />
               </vertex>
               <vertex>
                  <position x="0.0799999999999991" y="0.0400000000015392" z="-1.50000000000009" />
                  <normal x="1.0" y="1.57548422955065e-014" z="1.61930052595432e-026" />
               </vertex>
               <vertex>
                  <position x="0.0799999999999991" y="0.0399999999999996" z="-4.04270394938067e-014" />
                  <normal x="1.0" y="7.42295454307387e-015" z="7.61833080278674e-027" />
               </vertex>
               <vertex>
                  <position x="0.0786370330515618" y="0.0296472381974379" z="-1.5000000000001" />
                  <normal x="0.965925826289067" y="-0.258819045102524" z="-2.65941317702432e-013" />
               </vertex>
               <vertex>
                  <position x="0.0799999999999991" y="0.0399999999999996" z="-4.04270394938067e-014" />
                  <normal x="1.0" y="7.42295454307387e-015" z="7.61833080278674e-027" />
               </vertex>
               <vertex>
                  <position x="0.0786370330515618" y="0.0503527618056406" z="-1.50000000000008" />
                  <normal x="0.965925826289067" y="0.258819045102527" z="2.65941317702434e-013" />
               </vertex>
               <vertex>
                  <position x="0.0786370330515618" y="0.0503527618041009" z="-2.88764567812905e-014" />
                  <normal x="0.965925826289067" y="0.258819045102524" z="2.65941317702432e-013" />
               </vertex>
               <vertex>
                  <position x="0.0799999999999991" y="0.0400000000015392" z="-1.50000000000009" />
                  <normal x="1.0" y="1.57548422955065e-014" z="1.61930052595432e-026" />
               </vertex>
               <vertex>
                  <position x="0.0786370330515618" y="0.0503527618041009" z="-2.88764567812905e-014" />
                  <normal x="0.965925826289067" y="0.258819045102524" z="2.65941317702432e-013" />
               </vertex>
               <vertex>
                  <position x="0.0746410161513765" y="0.060000000001539" z="-1.50000000000007" />
                  <normal x="0.86602540378444" y="0.499999999999997" z="5.1375917409224e-013" />
               </vertex>
               <vertex>
                  <position x="0.0746410161513765" y="0.0599999999999994" z="-2.31011654250324e-014" />
                  <normal x="0.866025403784433" y="0.50000000000001" z="5.13759174092253e-013" />
               </vertex>
               <vertex>
                  <position x="0.0786370330515618" y="0.0503527618056406" z="-1.50000000000008" />
                  <normal x="0.965925826289067" y="0.258819045102527" z="2.65941317702434e-013" />
               </vertex>
               <vertex>
                  <position x="0.0746410161513765" y="0.0599999999999994" z="-2.31011654250324e-014" />
                  <normal x="0.866025403784433" y="0.50000000000001" z="5.13759174092253e-013" />
               </vertex>
               <vertex>
                  <position x="0.0682842712474604" y="0.0682842712490015" z="-1.50000000000006" />
                  <normal x="0.707106781186545" y="0.70710678118655" z="7.26565191794853e-013" />
               </vertex>
               <vertex>
                  <position x="0.0682842712474604" y="0.0682842712474619" z="-1.15505827125162e-014" />
                  <normal x="0.707106781186532" y="0.707106781186563" z="7.26565191794866e-013" />
               </vertex>
               <vertex>
                  <position x="0.0746410161513765" y="0.060000000001539" z="-1.50000000000007" />
                  <normal x="0.86602540378444" y="0.499999999999997" z="5.1375917409224e-013" />
               </vertex>
               <vertex>
                  <position x="0.0682842712474604" y="0.0682842712474619" z="-1.15505827125162e-014" />
                  <normal x="0.707106781186532" y="0.707106781186563" z="7.26565191794866e-013" />
               </vertex>
               <vertex>
                  <position x="0.0599999999999994" y="0.0746410161529162" z="-1.50000000000005" />
                  <normal x="0.499999999999986" y="0.866025403784447" z="8.89856992382398e-013" />
               </vertex>
               <vertex>
                  <position x="0.0599999999999994" y="0.0746410161513765" z="-5.77529135625809e-015" />
                  <normal x="0.499999999999999" y="0.866025403784439" z="8.8985699238239e-013" />
               </vertex>
               <vertex>
                  <position x="0.0682842712474604" y="0.0682842712490015" z="-1.50000000000006" />
                  <normal x="0.707106781186545" y="0.70710678118655" z="7.26565191794853e-013" />
               </vertex>
               <vertex>
                  <position x="0.0296472381958982" y="0.00136296694997697" z="-1.50000000000013" />
                  <normal x="0.0" y="1.02751834818449e-012" z="-1.0" />
               </vertex>
               <vertex>
                  <position x="0.0503527618041009" y="0.00136296694997697" z="-1.50000000000013" />
                  <normal x="0.0" y="1.02751834818449e-012" z="-1.0" />
               </vertex>
               <vertex>
                  <position x="0.0399999999999996" y="1.53965658000743e-012" z="-1.50000000000013" />
                  <normal x="0.0" y="1.02751834818449e-012" z="-1.0" />
               </vertex>
               <vertex>
                  <position x="0.0199999999999998" y="0.00535898385016224" z="-1.50000000000013" />
                  <normal x="0.0" y="1.02751834818449e-012" z="-1.0" />
               </vertex>
               <vertex>
                  <position x="0.0599999999999994" y="0.00535898385016224" z="-1.50000000000013" />
                  <normal x="0.0" y="1.02751834818449e-012" z="-1.0" />
               </vertex>
               <vertex>
                  <position x="0.0117157287525387" y="0.0117157287540783" z="-1.50000000000012" />
                  <normal x="0.0" y="1.02751834818449e-012" z="-1.0" />
               </vertex>
               <vertex>
                  <position x="0.0682842712474604" y="0.0117157287540783" z="-1.50000000000012" />
                  <normal x="0.0" y="1.02751834818449e-012" z="-1.0" />
               </vertex>
               <vertex>
                  <position x="0.00535898384862259" y="0.0200000000015394" z="-1.50000000000011" />
                  <normal x="0.0" y="1.02751834818449e-012" z="-1.0" />
               </vertex>
               <vertex>
                  <position x="0.0746410161513765" y="0.0200000000015394" z="-1.50000000000011" />
                  <normal x="0.0" y="1.02751834818449e-012" z="-1.0" />
               </vertex>
               <vertex>
                  <position x="0.00136296694843732" y="0.0296472381974379" z="-1.5000000000001" />
                  <normal x="0.0" y="1.02751834818449e-012" z="-1.0" />
               </vertex>
               <vertex>
                  <position x="0.0786370330515618" y="0.0296472381974379" z="-1.5000000000001" />
                  <normal x="0.0" y="1.02751834818449e-012" z="-1.0" />
               </vertex>
               <vertex>
                  <position x="0.0" y="0.0400000000015392" z="-1.50000000000009" />
                  <normal x="0.0" y="1.02751834818449e-012" z="-1.0" />
               </vertex>
               <vertex>
                  <position x="0.0799999999999991" y="0.0400000000015392" z="-1.50000000000009" />
                  <normal x="0.0" y="1.02751834818449e-012" z="-1.0" />
               </vertex>
               <vertex>
                  <position x="0.00136296694843732" y="0.0503527618056406" z="-1.50000000000008" />
                  <normal x="0.0" y="1.02751834818449e-012" z="-1.0" />
               </vertex>
               <vertex>
                  <position x="0.0786370330515618" y="0.0503527618056406" z="-1.50000000000008" />
                  <normal x="0.0" y="1.02751834818449e-012" z="-1.0" />
               </vertex>
               <vertex>
                  <position x="0.00535898384862259" y="0.060000000001539" z="-1.50000000000007" />
                  <normal x="0.0" y="1.02751834818449e-012" z="-1.0" />
               </vertex>
               <vertex>
                  <position x="0.0746410161513765" y="0.060000000001539" z="-1.50000000000007" />
                  <normal x="0.0" y="1.02751834818449e-012" z="-1.0" />
               </vertex>
               <vertex>
                  <position x="0.0117157287525387" y="0.0682842712490001" z="-1.50000000000006" />
                  <normal x="0.0" y="1.02751834818449e-012" z="-1.0" />
               </vertex>
               <vertex>
                  <position x="0.0682842712474604" y="0.0682842712490015" z="-1.50000000000006" />
                  <normal x="0.0" y="1.02751834818449e-012" z="-1.0" />
               </vertex>
               <vertex>
                  <position x="0.0199999999999998" y="0.0746410161529162" z="-1.50000000000005" />
                  <normal x="0.0" y="1.02751834818449e-012" z="-1.0" />
               </vertex>
               <vertex>
                  <position x="0.0599999999999994" y="0.0746410161529162" z="-1.50000000000005" />
                  <normal x="0.0" y="1.02751834818449e-012" z="-1.0" />
               </vertex>
               <vertex>
                  <position x="0.0296472381958982" y="0.0786370330531015" z="-1.50000000000005" />
                  <normal x="0.0" y="1.02751834818449e-012" z="-1.0" />
               </vertex>
               <vertex>
                  <position x="0.0503527618041009" y="0.0786370330531015" z="-1.50000000000005" />
                  <normal x="0.0" y="1.02751834818449e-012" z="-1.0" />
               </vertex>
               <vertex>
                  <position x="0.0399999999999996" y="0.0800000000015388" z="-1.50000000000005" />
                  <normal x="0.0" y="1.02751834818449e-012" z="-1.0" />
               </vertex>
               <vertex>
                  <position x="0.0117157287525387" y="0.0682842712490001" z="-1.50000000000006" />
                  <normal x="-0.707106781186554" y="0.707106781186541" z="7.26565191794844e-013" />
               </vertex>
               <vertex>
                  <position x="0.00535898384862259" y="0.0599999999999994" z="-2.31011654250324e-014" />
                  <normal x="-0.866025403784412" y="0.500000000000046" z="5.13759174092291e-013" />
               </vertex>
               <vertex>
                  <position x="0.0117157287525387" y="0.0682842712474604" z="-1.15505827125162e-014" />
                  <normal x="-0.707106781186541" y="0.707106781186554" z="7.26565191794857e-013" />
               </vertex>
               <vertex>
                  <position x="0.00535898384862259" y="0.060000000001539" z="-1.50000000000007" />
                  <normal x="-0.866025403784419" y="0.500000000000034" z="5.13759174092278e-013" />
               </vertex>
               <vertex>
                  <position x="0.0199999999999998" y="0.0746410161513765" z="-5.77529135625809e-015" />
                  <normal x="-0.500000000000047" y="0.866025403784412" z="8.89856992382362e-013" />
               </vertex>
               <vertex>
                  <position x="0.0117157287525387" y="0.0682842712490001" z="-1.50000000000006" />
                  <normal x="-0.707106781186554" y="0.707106781186541" z="7.26565191794844e-013" />
               </vertex>
               <vertex>
                  <position x="0.0117157287525387" y="0.0682842712474604" z="-1.15505827125162e-014" />
                  <normal x="-0.707106781186541" y="0.707106781186554" z="7.26565191794857e-013" />
               </vertex>
               <vertex>
                  <position x="0.0199999999999998" y="0.0746410161529162" z="-1.50000000000005" />
                  <normal x="-0.500000000000033" y="0.86602540378442" z="8.8985699238237e-013" />
               </vertex>
               <vertex>
                  <position x="0.0296472381958982" y="0.0786370330515618" z="-0.0" />
                  <normal x="-0.258819045102536" y="0.965925826289064" z="9.92506509497274e-013" />
               </vertex>
               <vertex>
                  <position x="0.0199999999999998" y="0.0746410161529162" z="-1.50000000000005" />
                  <normal x="-0.500000000000033" y="0.86602540378442" z="8.8985699238237e-013" />
               </vertex>
               <vertex>
                  <position x="0.0199999999999998" y="0.0746410161513765" z="-5.77529135625809e-015" />
                  <normal x="-0.500000000000047" y="0.866025403784412" z="8.89856992382362e-013" />
               </vertex>
               <vertex>
                  <position x="0.0296472381958982" y="0.0786370330531015" z="-1.50000000000005" />
                  <normal x="-0.258819045102538" y="0.965925826289064" z="9.92506509497274e-013" />
               </vertex>
               <vertex>
                  <position x="0.0399999999999996" y="0.0799999999999991" z="-0.0" />
                  <normal x="0.0" y="1.0" z="1.02751834818449e-012" />
               </vertex>
               <vertex>
                  <position x="0.0296472381958982" y="0.0786370330531015" z="-1.50000000000005" />
                  <normal x="-0.258819045102538" y="0.965925826289064" z="9.92506509497274e-013" />
               </vertex>
               <vertex>
                  <position x="0.0296472381958982" y="0.0786370330515618" z="-0.0" />
                  <normal x="-0.258819045102536" y="0.965925826289064" z="9.92506509497274e-013" />
               </vertex>
               <vertex>
                  <position x="0.0399999999999996" y="0.0800000000015388" z="-1.50000000000005" />
                  <normal x="0.0" y="1.0" z="1.02751834818449e-012" />
               </vertex>
               <vertex>
                  <position x="0.0503527618041009" y="0.0786370330515618" z="-0.0" />
                  <normal x="0.258819045102536" y="0.965925826289064" z="9.92506509497274e-013" />
               </vertex>
               <vertex>
                  <position x="0.0399999999999996" y="0.0800000000015388" z="-1.50000000000005" />
                  <normal x="0.0" y="1.0" z="1.02751834818449e-012" />
               </vertex>
               <vertex>
                  <position x="0.0399999999999996" y="0.0799999999999991" z="-0.0" />
                  <normal x="0.0" y="1.0" z="1.02751834818449e-012" />
               </vertex>
               <vertex>
                  <position x="0.0503527618041009" y="0.0786370330531015" z="-1.50000000000005" />
                  <normal x="0.258819045102538" y="0.965925826289064" z="9.92506509497274e-013" />
               </vertex>
               <vertex>
                  <position x="0.0599999999999994" y="0.0746410161513765" z="-5.77529135625809e-015" />
                  <normal x="0.499999999999999" y="0.866025403784439" z="8.8985699238239e-013" />
               </vertex>
               <vertex>
                  <position x="0.0503527618041009" y="0.0786370330531015" z="-1.50000000000005" />
                  <normal x="0.258819045102538" y="0.965925826289064" z="9.92506509497274e-013" />
               </vertex>
               <vertex>
                  <position x="0.0503527618041009" y="0.0786370330515618" z="-0.0" />
                  <normal x="0.258819045102536" y="0.965925826289064" z="9.92506509497274e-013" />
               </vertex>
               <vertex>
                  <position x="0.0599999999999994" y="0.0746410161529162" z="-1.50000000000005" />
                  <normal x="0.499999999999986" y="0.866025403784447" z="8.89856992382398e-013" />
               </vertex>
            </vertexbuffer>
         </geometry>
      </submesh>
   </submeshes>
</mesh>
