<mesh>
   <submeshes>
      <submesh material = "_LightGoldenrodYellow_" usesharedvertices="false" use32bitindexes="false">
         <faces count="46">
            <face v1="0" v2="1" v3="2" />
            <face v1="4" v2="3" v3="5" />
            <face v1="6" v2="7" v3="8" />
            <face v1="10" v2="9" v3="11" />
            <face v1="12" v2="13" v3="14" />
            <face v1="16" v2="15" v3="17" />
            <face v1="18" v2="19" v3="20" />
            <face v1="22" v2="21" v3="23" />
            <face v1="24" v2="25" v3="26" />
            <face v1="28" v2="27" v3="29" />
            <face v1="30" v2="31" v3="32" />
            <face v1="34" v2="33" v3="35" />
            <face v1="36" v2="37" v3="38" />
            <face v1="40" v2="39" v3="41" />
            <face v1="42" v2="43" v3="44" />
            <face v1="46" v2="45" v3="47" />
            <face v1="48" v2="49" v3="50" />
            <face v1="52" v2="51" v3="53" />
            <face v1="54" v2="55" v3="56" />
            <face v1="58" v2="57" v3="59" />
            <face v1="60" v2="61" v3="62" />
            <face v1="64" v2="63" v3="65" />
            <face v1="66" v2="67" v3="68" />
            <face v1="70" v2="69" v3="71" />
            <face v1="72" v2="73" v3="74" />
            <face v1="76" v2="75" v3="77" />
            <face v1="78" v2="79" v3="80" />
            <face v1="82" v2="81" v3="83" />
            <face v1="84" v2="85" v3="86" />
            <face v1="88" v2="87" v3="89" />
            <face v1="90" v2="91" v3="92" />
            <face v1="94" v2="93" v3="95" />
            <face v1="96" v2="97" v3="98" />
            <face v1="100" v2="99" v3="101" />
            <face v1="102" v2="103" v3="104" />
            <face v1="106" v2="105" v3="107" />
            <face v1="108" v2="109" v3="110" />
            <face v1="112" v2="111" v3="113" />
            <face v1="114" v2="115" v3="116" />
            <face v1="118" v2="117" v3="119" />
            <face v1="120" v2="121" v3="122" />
            <face v1="124" v2="123" v3="125" />
            <face v1="126" v2="127" v3="128" />
            <face v1="130" v2="129" v3="131" />
            <face v1="132" v2="133" v3="134" />
            <face v1="136" v2="135" v3="137" />
         </faces>
         <geometry vertexcount="138">
            <vertexbuffer positions="true" normals="true" colours_diffuse="false"  >
               <vertex>
                  <position x="1.52315477161422" y="0.319960990747913" z="-7.78785024466745" />
                  <normal x="-0.0800507396973005" y="0.996789168456073" z="-0.00179797735382461" />
               </vertex>
               <vertex>
                  <position x="1.13354509517251" y="0.262121448345009" z="-12.3387485651379" />
                  <normal x="-0.143921176658173" y="0.989587645849838" z="-0.00172803087442235" />
               </vertex>
               <vertex>
                  <position x="1.14159892388997" y="0.269925947884871" z="-8.76186530143116" />
                  <normal x="-0.131430032410892" y="0.9913236718054" z="-0.00187731157020289" />
               </vertex>
               <vertex>
                  <position x="1.52315477161422" y="0.319960990747913" z="-7.78785024466745" />
                  <normal x="0.0800507396973005" y="-0.996789168456073" z="0.00179797735382461" />
               </vertex>
               <vertex>
                  <position x="1.13354509517251" y="0.262121448345009" z="-12.3387485651379" />
                  <normal x="0.143921176658173" y="-0.989587645849838" z="0.00172803087442235" />
               </vertex>
               <vertex>
                  <position x="1.14159892388997" y="0.269925947884871" z="-8.76186530143116" />
                  <normal x="0.131430032410892" y="-0.9913236718054" z="0.00187731157020289" />
               </vertex>
               <vertex>
                  <position x="1.9049897748393" y="0.349989333017704" z="-6.81312257489404" />
                  <normal x="-0.028290349647244" y="0.999598406857778" z="-0.00163741388426966" />
               </vertex>
               <vertex>
                  <position x="1.9015065441442" y="0.340223225963942" z="-12.7876995297537" />
                  <normal x="-0.0429551883711835" y="0.999075931228309" z="-0.00146131183673588" />
               </vertex>
               <vertex>
                  <position x="1.51678761742749" y="0.310911645621909" z="-12.5627924937472" />
                  <normal x="-0.0936292776519494" y="0.99560579389667" z="-0.00163141832637813" />
               </vertex>
               <vertex>
                  <position x="1.9049897748393" y="0.349989333017704" z="-6.81312257489404" />
                  <normal x="0.028290349647244" y="-0.999598406857778" z="0.00163741388426966" />
               </vertex>
               <vertex>
                  <position x="1.9015065441442" y="0.340223225963942" z="-12.7876995297537" />
                  <normal x="0.0429551883711835" y="-0.999075931228309" z="0.00146131183673588" />
               </vertex>
               <vertex>
                  <position x="1.51678761742749" y="0.310911645621909" z="-12.5627924937472" />
                  <normal x="0.0936292776519494" y="-0.99560579389667" z="0.00163141832637813" />
               </vertex>
               <vertex>
                  <position x="1.9049897748393" y="0.349989333017704" z="-6.81312257489404" />
                  <normal x="-0.028290349647244" y="0.999598406857778" z="-0.00163741388426966" />
               </vertex>
               <vertex>
                  <position x="1.51678761742749" y="0.310911645621909" z="-12.5627924937472" />
                  <normal x="-0.0936292776519494" y="0.99560579389667" z="-0.00163141832637813" />
               </vertex>
               <vertex>
                  <position x="1.52315477161422" y="0.319960990747913" z="-7.78785024466745" />
                  <normal x="-0.0800507396973005" y="0.996789168456073" z="-0.00179797735382461" />
               </vertex>
               <vertex>
                  <position x="1.9049897748393" y="0.349989333017704" z="-6.81312257489404" />
                  <normal x="0.028290349647244" y="-0.999598406857778" z="0.00163741388426966" />
               </vertex>
               <vertex>
                  <position x="1.51678761742749" y="0.310911645621909" z="-12.5627924937472" />
                  <normal x="0.0936292776519494" y="-0.99560579389667" z="0.00163141832637813" />
               </vertex>
               <vertex>
                  <position x="1.52315477161422" y="0.319960990747913" z="-7.78785024466745" />
                  <normal x="0.0800507396973005" y="-0.996789168456073" z="0.00179797735382461" />
               </vertex>
               <vertex>
                  <position x="1.52315477161422" y="0.319960990747913" z="-7.78785024466745" />
                  <normal x="-0.0800507396973005" y="0.996789168456073" z="-0.00179797735382461" />
               </vertex>
               <vertex>
                  <position x="1.51678761742749" y="0.310911645621909" z="-12.5627924937472" />
                  <normal x="-0.0936292776519494" y="0.99560579389667" z="-0.00163141832637813" />
               </vertex>
               <vertex>
                  <position x="1.13354509517251" y="0.262121448345009" z="-12.3387485651379" />
                  <normal x="-0.143921176658173" y="0.989587645849838" z="-0.00172803087442235" />
               </vertex>
               <vertex>
                  <position x="1.52315477161422" y="0.319960990747913" z="-7.78785024466745" />
                  <normal x="0.0800507396973005" y="-0.996789168456073" z="0.00179797735382461" />
               </vertex>
               <vertex>
                  <position x="1.51678761742749" y="0.310911645621909" z="-12.5627924937472" />
                  <normal x="0.0936292776519494" y="-0.99560579389667" z="0.00163141832637813" />
               </vertex>
               <vertex>
                  <position x="1.13354509517251" y="0.262121448345009" z="-12.3387485651379" />
                  <normal x="0.143921176658173" y="-0.989587645849838" z="0.00172803087442235" />
               </vertex>
               <vertex>
                  <position x="1.14159892388997" y="0.269925947884871" z="-8.76186530143116" />
                  <normal x="-0.131430032410892" y="0.9913236718054" z="-0.00187731157020289" />
               </vertex>
               <vertex>
                  <position x="1.13354509517251" y="0.262121448345009" z="-12.3387485651379" />
                  <normal x="-0.143921176658173" y="0.989587645849838" z="-0.00172803087442235" />
               </vertex>
               <vertex>
                  <position x="0.752513641155556" y="0.193946163396031" z="-12.1159972290403" />
                  <normal x="-0.193630630221822" y="0.981072975016091" z="-0.0017311074423671" />
               </vertex>
               <vertex>
                  <position x="1.14159892388997" y="0.269925947884871" z="-8.76186530143116" />
                  <normal x="0.131430032410892" y="-0.9913236718054" z="0.00187731157020289" />
               </vertex>
               <vertex>
                  <position x="1.13354509517251" y="0.262121448345009" z="-12.3387485651379" />
                  <normal x="0.143921176658173" y="-0.989587645849838" z="0.00172803087442235" />
               </vertex>
               <vertex>
                  <position x="0.752513641155556" y="0.193946163396031" z="-12.1159972290403" />
                  <normal x="0.193630630221822" y="-0.981072975016091" z="0.0017311074423671" />
               </vertex>
               <vertex>
                  <position x="1.14159892388997" y="0.269925947884871" z="-8.76186530143116" />
                  <normal x="-0.131430032410892" y="0.9913236718054" z="-0.00187731157020289" />
               </vertex>
               <vertex>
                  <position x="0.752513641155556" y="0.193946163396031" z="-12.1159972290403" />
                  <normal x="-0.193630630221822" y="0.981072975016091" z="-0.0017311074423671" />
               </vertex>
               <vertex>
                  <position x="0.760461681880934" y="0.19990249112895" z="-9.73481176424757" />
                  <normal x="-0.182111301813668" y="0.983276171388216" z="-0.00185594500539375" />
               </vertex>
               <vertex>
                  <position x="1.14159892388997" y="0.269925947884871" z="-8.76186530143116" />
                  <normal x="0.131430032410892" y="-0.9913236718054" z="0.00187731157020289" />
               </vertex>
               <vertex>
                  <position x="0.752513641155556" y="0.193946163396031" z="-12.1159972290403" />
                  <normal x="0.193630630221822" y="-0.981072975016091" z="0.0017311074423671" />
               </vertex>
               <vertex>
                  <position x="0.760461681880934" y="0.19990249112895" z="-9.73481176424757" />
                  <normal x="0.182111301813668" y="-0.983276171388216" z="0.00185594500539375" />
               </vertex>
               <vertex>
                  <position x="0.760461681880934" y="0.19990249112895" z="-9.73481176424757" />
                  <normal x="-0.182111301813668" y="0.983276171388216" z="-0.00185594500539375" />
               </vertex>
               <vertex>
                  <position x="0.752513641155556" y="0.193946163396031" z="-12.1159972290403" />
                  <normal x="-0.193630630221822" y="0.981072975016091" z="-0.0017311074423671" />
               </vertex>
               <vertex>
                  <position x="0.374423680605144" y="0.10651648063683" z="-11.8949654927104" />
                  <normal x="-0.242567768680203" y="0.970133109380478" z="-0.00162101242240846" />
               </vertex>
               <vertex>
                  <position x="0.760461681880934" y="0.19990249112895" z="-9.73481176424757" />
                  <normal x="0.182111301813668" y="-0.983276171388216" z="0.00185594500539375" />
               </vertex>
               <vertex>
                  <position x="0.752513641155556" y="0.193946163396031" z="-12.1159972290403" />
                  <normal x="0.193630630221822" y="-0.981072975016091" z="0.0017311074423671" />
               </vertex>
               <vertex>
                  <position x="0.374423680605144" y="0.10651648063683" z="-11.8949654927104" />
                  <normal x="0.242567768680203" y="-0.970133109380478" z="0.00162101242240846" />
               </vertex>
               <vertex>
                  <position x="0.760461681880934" y="0.19990249112895" z="-9.73481176424757" />
                  <normal x="-0.182111301813668" y="0.983276171388216" z="-0.00185594500539375" />
               </vertex>
               <vertex>
                  <position x="0.374423680605144" y="0.10651648063683" z="-11.8949654927104" />
                  <normal x="-0.242567768680203" y="0.970133109380478" z="-0.00162101242240846" />
               </vertex>
               <vertex>
                  <position x="0.379882342810267" y="0.10991621250318" z="-10.7063340427265" />
                  <normal x="-0.231797578884122" y="0.972762525798701" z="-0.00171779660910369" />
               </vertex>
               <vertex>
                  <position x="0.760461681880934" y="0.19990249112895" z="-9.73481176424757" />
                  <normal x="0.182111301813668" y="-0.983276171388216" z="0.00185594500539375" />
               </vertex>
               <vertex>
                  <position x="0.374423680605144" y="0.10651648063683" z="-11.8949654927104" />
                  <normal x="0.242567768680203" y="-0.970133109380478" z="0.00162101242240846" />
               </vertex>
               <vertex>
                  <position x="0.379882342810267" y="0.10991621250318" z="-10.7063340427265" />
                  <normal x="0.231797578884122" y="-0.972762525798701" z="0.00171779660910369" />
               </vertex>
               <vertex>
                  <position x="0.379882342810267" y="0.10991621250318" z="-10.7063340427265" />
                  <normal x="-0.231797578884122" y="0.972762525798701" z="-0.00171779660910369" />
               </vertex>
               <vertex>
                  <position x="0.374423680605144" y="0.10651648063683" z="-11.8949654927104" />
                  <normal x="-0.242567768680203" y="0.970133109380478" z="-0.00162101242240846" />
               </vertex>
               <vertex>
                  <position x="0.0" y="0.0" z="-11.6760770669857" />
                  <normal x="-0.274429887196015" y="0.961605957036955" z="-0.00149010221952552" />
               </vertex>
               <vertex>
                  <position x="0.379882342810267" y="0.10991621250318" z="-10.7063340427265" />
                  <normal x="0.231797578884122" y="-0.972762525798701" z="0.00171779660910369" />
               </vertex>
               <vertex>
                  <position x="0.374423680605144" y="0.10651648063683" z="-11.8949654927104" />
                  <normal x="0.242567768680203" y="-0.970133109380478" z="0.00162101242240846" />
               </vertex>
               <vertex>
                  <position x="0.0" y="0.0" z="-11.6760770669857" />
                  <normal x="0.274429887196015" y="-0.961605957036955" z="0.00149010221952552" />
               </vertex>
               <vertex>
                  <position x="2.66893898781223" y="0.349989333017702" z="-4.86295449209158" />
                  <normal x="0.0750640655501538" y="0.99717804256708" z="-0.00115649693878136" />
               </vertex>
               <vertex>
                  <position x="2.28696438132575" y="0.350000000000004" z="-13.0130385334928" />
                  <normal x="0.00789380797244997" y="0.999968076817193" z="-0.00123820120278309" />
               </vertex>
               <vertex>
                  <position x="2.28696438132577" y="0.360000000000012" z="-5.83803853349282" />
                  <normal x="0.0235238216524196" y="0.999722273217002" z="-0.00141642108712154" />
               </vertex>
               <vertex>
                  <position x="2.66893898781223" y="0.349989333017702" z="-4.86295449209158" />
                  <normal x="-0.0750640655501538" y="-0.99717804256708" z="0.00115649693878136" />
               </vertex>
               <vertex>
                  <position x="2.28696438132575" y="0.350000000000004" z="-13.0130385334928" />
                  <normal x="-0.00789380797244997" y="-0.999968076817193" z="0.00123820120278309" />
               </vertex>
               <vertex>
                  <position x="2.28696438132577" y="0.360000000000012" z="-5.83803853349282" />
                  <normal x="-0.0235238216524196" y="-0.999722273217002" z="0.00141642108712154" />
               </vertex>
               <vertex>
                  <position x="2.28696438132577" y="0.360000000000012" z="-5.83803853349282" />
                  <normal x="0.0235238216524196" y="0.999722273217002" z="-0.00141642108712154" />
               </vertex>
               <vertex>
                  <position x="1.9015065441442" y="0.340223225963942" z="-12.7876995297537" />
                  <normal x="-0.0429551883711835" y="0.999075931228309" z="-0.00146131183673588" />
               </vertex>
               <vertex>
                  <position x="1.9049897748393" y="0.349989333017704" z="-6.81312257489404" />
                  <normal x="-0.028290349647244" y="0.999598406857778" z="-0.00163741388426966" />
               </vertex>
               <vertex>
                  <position x="2.28696438132577" y="0.360000000000012" z="-5.83803853349282" />
                  <normal x="-0.0235238216524196" y="-0.999722273217002" z="0.00141642108712154" />
               </vertex>
               <vertex>
                  <position x="1.9015065441442" y="0.340223225963942" z="-12.7876995297537" />
                  <normal x="0.0429551883711835" y="-0.999075931228309" z="0.00146131183673588" />
               </vertex>
               <vertex>
                  <position x="1.9049897748393" y="0.349989333017704" z="-6.81312257489404" />
                  <normal x="0.028290349647244" y="-0.999598406857778" z="0.00163741388426966" />
               </vertex>
               <vertex>
                  <position x="2.28696438132577" y="0.360000000000012" z="-5.83803853349282" />
                  <normal x="0.0235238216524196" y="0.999722273217002" z="-0.00141642108712154" />
               </vertex>
               <vertex>
                  <position x="2.28696438132575" y="0.350000000000004" z="-13.0130385334928" />
                  <normal x="0.00789380797244997" y="0.999968076817193" z="-0.00123820120278309" />
               </vertex>
               <vertex>
                  <position x="1.9015065441442" y="0.340223225963942" z="-12.7876995297537" />
                  <normal x="-0.0429551883711835" y="0.999075931228309" z="-0.00146131183673588" />
               </vertex>
               <vertex>
                  <position x="2.28696438132577" y="0.360000000000012" z="-5.83803853349282" />
                  <normal x="-0.0235238216524196" y="-0.999722273217002" z="0.00141642108712154" />
               </vertex>
               <vertex>
                  <position x="2.28696438132575" y="0.350000000000004" z="-13.0130385334928" />
                  <normal x="-0.00789380797244997" y="-0.999968076817193" z="0.00123820120278309" />
               </vertex>
               <vertex>
                  <position x="1.9015065441442" y="0.340223225963942" z="-12.7876995297537" />
                  <normal x="0.0429551883711835" y="-0.999075931228309" z="0.00146131183673588" />
               </vertex>
               <vertex>
                  <position x="2.67242221850732" y="0.340223225963943" z="-13.238377537232" />
                  <normal x="0.0587070888872274" y="0.99827476762169" z="-0.000982875499790526" />
               </vertex>
               <vertex>
                  <position x="2.28696438132575" y="0.350000000000004" z="-13.0130385334928" />
                  <normal x="0.00789380797244997" y="0.999968076817193" z="-0.00123820120278309" />
               </vertex>
               <vertex>
                  <position x="2.66893898781223" y="0.349989333017702" z="-4.86295449209158" />
                  <normal x="0.0750640655501538" y="0.99717804256708" z="-0.00115649693878136" />
               </vertex>
               <vertex>
                  <position x="2.67242221850732" y="0.340223225963943" z="-13.238377537232" />
                  <normal x="-0.0587070888872274" y="-0.99827476762169" z="0.000982875499790526" />
               </vertex>
               <vertex>
                  <position x="2.28696438132575" y="0.350000000000004" z="-13.0130385334928" />
                  <normal x="-0.00789380797244997" y="-0.999968076817193" z="0.00123820120278309" />
               </vertex>
               <vertex>
                  <position x="2.66893898781223" y="0.349989333017702" z="-4.86295449209158" />
                  <normal x="-0.0750640655501538" y="-0.99717804256708" z="0.00115649693878136" />
               </vertex>
               <vertex>
                  <position x="3.05077399103733" y="0.319960990747911" z="-3.88822682231818" />
                  <normal x="0.126012262572116" y="0.992028294170456" z="-0.000879344478286739" />
               </vertex>
               <vertex>
                  <position x="2.67242221850732" y="0.340223225963943" z="-13.238377537232" />
                  <normal x="0.0587070888872274" y="0.99827476762169" z="-0.000982875499790526" />
               </vertex>
               <vertex>
                  <position x="2.66893898781223" y="0.349989333017702" z="-4.86295449209158" />
                  <normal x="0.0750640655501538" y="0.99717804256708" z="-0.00115649693878136" />
               </vertex>
               <vertex>
                  <position x="3.05077399103733" y="0.319960990747911" z="-3.88822682231818" />
                  <normal x="-0.126012262572116" y="-0.992028294170456" z="0.000879344478286739" />
               </vertex>
               <vertex>
                  <position x="2.67242221850732" y="0.340223225963943" z="-13.238377537232" />
                  <normal x="-0.0587070888872274" y="-0.99827476762169" z="0.000982875499790526" />
               </vertex>
               <vertex>
                  <position x="2.66893898781223" y="0.349989333017702" z="-4.86295449209158" />
                  <normal x="-0.0750640655501538" y="-0.99717804256708" z="0.00115649693878136" />
               </vertex>
               <vertex>
                  <position x="3.05714114522403" y="0.310911645621912" z="-13.4632845732384" />
                  <normal x="0.109274538662831" y="0.994011349141011" z="-0.000716225448683748" />
               </vertex>
               <vertex>
                  <position x="2.67242221850732" y="0.340223225963943" z="-13.238377537232" />
                  <normal x="0.0587070888872274" y="0.99827476762169" z="-0.000982875499790526" />
               </vertex>
               <vertex>
                  <position x="3.05077399103733" y="0.319960990747911" z="-3.88822682231818" />
                  <normal x="0.126012262572116" y="0.992028294170456" z="-0.000879344478286739" />
               </vertex>
               <vertex>
                  <position x="3.05714114522403" y="0.310911645621912" z="-13.4632845732384" />
                  <normal x="-0.109274538662831" y="-0.994011349141011" z="0.000716225448683748" />
               </vertex>
               <vertex>
                  <position x="2.67242221850732" y="0.340223225963943" z="-13.238377537232" />
                  <normal x="-0.0587070888872274" y="-0.99827476762169" z="0.000982875499790526" />
               </vertex>
               <vertex>
                  <position x="3.05077399103733" y="0.319960990747911" z="-3.88822682231818" />
                  <normal x="-0.126012262572116" y="-0.992028294170456" z="0.000879344478286739" />
               </vertex>
               <vertex>
                  <position x="3.43232983876156" y="0.269925947884881" z="-2.91421176555447" />
                  <normal x="0.176069155223852" y="0.984377612931989" z="-0.000606413290883144" />
               </vertex>
               <vertex>
                  <position x="3.05714114522403" y="0.310911645621912" z="-13.4632845732384" />
                  <normal x="0.109274538662831" y="0.994011349141011" z="-0.000716225448683748" />
               </vertex>
               <vertex>
                  <position x="3.05077399103733" y="0.319960990747911" z="-3.88822682231818" />
                  <normal x="0.126012262572116" y="0.992028294170456" z="-0.000879344478286739" />
               </vertex>
               <vertex>
                  <position x="3.43232983876156" y="0.269925947884881" z="-2.91421176555447" />
                  <normal x="-0.176069155223852" y="-0.984377612931989" z="0.000606413290883144" />
               </vertex>
               <vertex>
                  <position x="3.05714114522403" y="0.310911645621912" z="-13.4632845732384" />
                  <normal x="-0.109274538662831" y="-0.994011349141011" z="0.000716225448683748" />
               </vertex>
               <vertex>
                  <position x="3.05077399103733" y="0.319960990747911" z="-3.88822682231818" />
                  <normal x="-0.126012262572116" y="-0.992028294170456" z="0.000879344478286739" />
               </vertex>
               <vertex>
                  <position x="3.44038366747901" y="0.262121448345009" z="-13.6873285018478" />
                  <normal x="0.159390375218366" y="0.987215527419569" z="-0.000459030991257166" />
               </vertex>
               <vertex>
                  <position x="3.05714114522403" y="0.310911645621912" z="-13.4632845732384" />
                  <normal x="0.109274538662831" y="0.994011349141011" z="-0.000716225448683748" />
               </vertex>
               <vertex>
                  <position x="3.43232983876156" y="0.269925947884881" z="-2.91421176555447" />
                  <normal x="0.176069155223852" y="0.984377612931989" z="-0.000606413290883144" />
               </vertex>
               <vertex>
                  <position x="3.44038366747901" y="0.262121448345009" z="-13.6873285018478" />
                  <normal x="-0.159390375218366" y="-0.987215527419569" z="0.000459030991257166" />
               </vertex>
               <vertex>
                  <position x="3.05714114522403" y="0.310911645621912" z="-13.4632845732384" />
                  <normal x="-0.109274538662831" y="-0.994011349141011" z="0.000716225448683748" />
               </vertex>
               <vertex>
                  <position x="3.43232983876156" y="0.269925947884881" z="-2.91421176555447" />
                  <normal x="-0.176069155223852" y="-0.984377612931989" z="0.000606413290883144" />
               </vertex>
               <vertex>
                  <position x="3.8134670807706" y="0.199902491128949" z="-1.94126530273806" />
                  <normal x="0.224962299466307" y="0.974367402631855" z="-0.000358479126246986" />
               </vertex>
               <vertex>
                  <position x="3.44038366747901" y="0.262121448345009" z="-13.6873285018478" />
                  <normal x="0.159390375218366" y="0.987215527419569" z="-0.000459030991257166" />
               </vertex>
               <vertex>
                  <position x="3.43232983876156" y="0.269925947884881" z="-2.91421176555447" />
                  <normal x="0.176069155223852" y="0.984377612931989" z="-0.000606413290883144" />
               </vertex>
               <vertex>
                  <position x="3.8134670807706" y="0.199902491128949" z="-1.94126530273806" />
                  <normal x="-0.224962299466307" y="-0.974367402631855" z="0.000358479126246986" />
               </vertex>
               <vertex>
                  <position x="3.44038366747901" y="0.262121448345009" z="-13.6873285018478" />
                  <normal x="-0.159390375218366" y="-0.987215527419569" z="0.000459030991257166" />
               </vertex>
               <vertex>
                  <position x="3.43232983876156" y="0.269925947884881" z="-2.91421176555447" />
                  <normal x="-0.176069155223852" y="-0.984377612931989" z="0.000606413290883144" />
               </vertex>
               <vertex>
                  <position x="3.82141512149596" y="0.193946163396032" z="-13.9100798379454" />
                  <normal x="0.234636646311246" y="0.972082833684283" z="-0.000780169306278788" />
               </vertex>
               <vertex>
                  <position x="3.44038366747901" y="0.262121448345009" z="-13.6873285018478" />
                  <normal x="0.159390375218366" y="0.987215527419569" z="-0.000459030991257166" />
               </vertex>
               <vertex>
                  <position x="3.8134670807706" y="0.199902491128949" z="-1.94126530273806" />
                  <normal x="0.224962299466307" y="0.974367402631855" z="-0.000358479126246986" />
               </vertex>
               <vertex>
                  <position x="3.82141512149596" y="0.193946163396032" z="-13.9100798379454" />
                  <normal x="-0.234636646311246" y="-0.972082833684283" z="0.000780169306278788" />
               </vertex>
               <vertex>
                  <position x="3.44038366747901" y="0.262121448345009" z="-13.6873285018478" />
                  <normal x="-0.159390375218366" y="-0.987215527419569" z="0.000459030991257166" />
               </vertex>
               <vertex>
                  <position x="3.8134670807706" y="0.199902491128949" z="-1.94126530273806" />
                  <normal x="-0.224962299466307" y="-0.974367402631855" z="0.000358479126246986" />
               </vertex>
               <vertex>
                  <position x="4.19404641984127" y="0.10991621250318" z="-0.969743024259124" />
                  <normal x="0.258615394848068" y="0.96598021212936" z="-0.00055436638955414" />
               </vertex>
               <vertex>
                  <position x="3.82141512149596" y="0.193946163396032" z="-13.9100798379454" />
                  <normal x="0.234636646311246" y="0.972082833684283" z="-0.000780169306278788" />
               </vertex>
               <vertex>
                  <position x="3.8134670807706" y="0.199902491128949" z="-1.94126530273806" />
                  <normal x="0.224962299466307" y="0.974367402631855" z="-0.000358479126246986" />
               </vertex>
               <vertex>
                  <position x="4.19404641984127" y="0.10991621250318" z="-0.969743024259124" />
                  <normal x="-0.258615394848068" y="-0.96598021212936" z="0.00055436638955414" />
               </vertex>
               <vertex>
                  <position x="3.82141512149596" y="0.193946163396032" z="-13.9100798379454" />
                  <normal x="-0.234636646311246" y="-0.972082833684283" z="0.000780169306278788" />
               </vertex>
               <vertex>
                  <position x="3.8134670807706" y="0.199902491128949" z="-1.94126530273806" />
                  <normal x="-0.224962299466307" y="-0.974367402631855" z="0.000358479126246986" />
               </vertex>
               <vertex>
                  <position x="3.82141512149596" y="0.193946163396032" z="-13.9100798379454" />
                  <normal x="0.50468727655372" y="-6.90142387682613e-014" z="0.863302237275445" />
               </vertex>
               <vertex>
                  <position x="4.57392876265151" y="5.77529135625809e-015" z="-14.35" />
                  <normal x="0.50468727655372" y="-6.90142387682613e-014" z="0.863302237275445" />
               </vertex>
               <vertex>
                  <position x="4.19950508204636" y="0.106516480636835" z="-14.1311115742753" />
                  <normal x="0.50468727655372" y="-6.90142387682613e-014" z="0.863302237275445" />
               </vertex>
               <vertex>
                  <position x="3.82141512149596" y="0.193946163396032" z="-13.9100798379454" />
                  <normal x="-0.50468727655372" y="6.90142387682613e-014" z="-0.863302237275445" />
               </vertex>
               <vertex>
                  <position x="4.57392876265151" y="5.77529135625809e-015" z="-14.35" />
                  <normal x="-0.50468727655372" y="6.90142387682613e-014" z="-0.863302237275445" />
               </vertex>
               <vertex>
                  <position x="4.19950508204636" y="0.106516480636835" z="-14.1311115742753" />
                  <normal x="-0.50468727655372" y="6.90142387682613e-014" z="-0.863302237275445" />
               </vertex>
               <vertex>
                  <position x="4.57392876265151" y="5.77529135625809e-015" z="-14.35" />
                  <normal x="-0.249901189750793" y="-0.968270962708799" z="0.000859148481602208" />
               </vertex>
               <vertex>
                  <position x="4.19404641984127" y="0.10991621250318" z="-0.969743024259124" />
                  <normal x="-0.258615394848068" y="-0.96598021212936" z="0.00055436638955414" />
               </vertex>
               <vertex>
                  <position x="3.82141512149596" y="0.193946163396032" z="-13.9100798379454" />
                  <normal x="-0.234636646311246" y="-0.972082833684283" z="0.000780169306278788" />
               </vertex>
               <vertex>
                  <position x="4.57392876265151" y="5.77529135625809e-015" z="-14.35" />
                  <normal x="0.249901189750793" y="0.968270962708799" z="-0.000859148481602208" />
               </vertex>
               <vertex>
                  <position x="4.19404641984127" y="0.10991621250318" z="-0.969743024259124" />
                  <normal x="0.258615394848068" y="0.96598021212936" z="-0.00055436638955414" />
               </vertex>
               <vertex>
                  <position x="3.82141512149596" y="0.193946163396032" z="-13.9100798379454" />
                  <normal x="0.234636646311246" y="0.972082833684283" z="-0.000780169306278788" />
               </vertex>
               <vertex>
                  <position x="4.57392876265151" y="5.77529135625809e-015" z="-0.0" />
                  <normal x="-0.277942048958713" y="-0.960597843751813" z="1.23599047663348e-017" />
               </vertex>
               <vertex>
                  <position x="4.19404641984127" y="0.10991621250318" z="-0.969743024259124" />
                  <normal x="-0.258615394848068" y="-0.96598021212936" z="0.00055436638955414" />
               </vertex>
               <vertex>
                  <position x="4.57392876265151" y="5.77529135625809e-015" z="-14.35" />
                  <normal x="-0.249901189750793" y="-0.968270962708799" z="0.000859148481602208" />
               </vertex>
               <vertex>
                  <position x="4.57392876265151" y="5.77529135625809e-015" z="-0.0" />
                  <normal x="0.277942048958713" y="0.960597843751813" z="-1.23599047663348e-017" />
               </vertex>
               <vertex>
                  <position x="4.19404641984127" y="0.10991621250318" z="-0.969743024259124" />
                  <normal x="0.258615394848068" y="0.96598021212936" z="-0.00055436638955414" />
               </vertex>
               <vertex>
                  <position x="4.57392876265151" y="5.77529135625809e-015" z="-14.35" />
                  <normal x="0.249901189750793" y="0.968270962708799" z="-0.000859148481602208" />
               </vertex>
            </vertexbuffer>
         </geometry>
      </submesh>
   </submeshes>
</mesh>
