<mesh>
   <submeshes>
      <submesh material = "SketchupDefault" usesharedvertices="false" use32bitindexes="false">
         <faces count="104">
            <face v1="0" v2="1" v3="2" />
            <face v1="1" v2="0" v3="3" />
            <face v1="3" v2="0" v3="4" />
            <face v1="4" v2="0" v3="5" />
            <face v1="5" v2="0" v3="6" />
            <face v1="1" v2="7" v3="8" />
            <face v1="7" v2="1" v3="3" />
            <face v1="9" v2="10" v3="11" />
            <face v1="10" v2="9" v3="12" />
            <face v1="10" v2="12" v3="13" />
            <face v1="13" v2="12" v3="8" />
            <face v1="13" v2="8" v3="7" />
            <face v1="15" v2="14" v3="16" />
            <face v1="14" v2="15" v3="17" />
            <face v1="14" v2="17" v3="18" />
            <face v1="14" v2="18" v3="19" />
            <face v1="14" v2="19" v3="20" />
            <face v1="21" v2="15" v3="22" />
            <face v1="15" v2="21" v3="17" />
            <face v1="24" v2="23" v3="25" />
            <face v1="23" v2="24" v3="26" />
            <face v1="26" v2="24" v3="27" />
            <face v1="26" v2="27" v3="22" />
            <face v1="22" v2="27" v3="21" />
            <face v1="28" v2="29" v3="30" />
            <face v1="29" v2="28" v3="31" />
            <face v1="33" v2="32" v3="34" />
            <face v1="32" v2="33" v3="35" />
            <face v1="36" v2="37" v3="38" />
            <face v1="37" v2="36" v3="39" />
            <face v1="41" v2="40" v3="42" />
            <face v1="40" v2="41" v3="43" />
            <face v1="44" v2="45" v3="46" />
            <face v1="45" v2="44" v3="47" />
            <face v1="49" v2="48" v3="50" />
            <face v1="48" v2="49" v3="51" />
            <face v1="52" v2="53" v3="54" />
            <face v1="53" v2="52" v3="55" />
            <face v1="57" v2="56" v3="58" />
            <face v1="56" v2="57" v3="59" />
            <face v1="60" v2="61" v3="62" />
            <face v1="61" v2="60" v3="63" />
            <face v1="65" v2="64" v3="66" />
            <face v1="64" v2="65" v3="67" />
            <face v1="68" v2="69" v3="70" />
            <face v1="69" v2="68" v3="71" />
            <face v1="73" v2="72" v3="74" />
            <face v1="72" v2="73" v3="75" />
            <face v1="76" v2="77" v3="78" />
            <face v1="77" v2="76" v3="79" />
            <face v1="81" v2="80" v3="82" />
            <face v1="80" v2="81" v3="83" />
            <face v1="84" v2="85" v3="86" />
            <face v1="85" v2="87" v3="88" />
            <face v1="87" v2="85" v3="89" />
            <face v1="89" v2="85" v3="90" />
            <face v1="90" v2="85" v3="91" />
            <face v1="91" v2="85" v3="84" />
            <face v1="91" v2="84" v3="92" />
            <face v1="93" v2="94" v3="95" />
            <face v1="94" v2="93" v3="96" />
            <face v1="94" v2="96" v3="97" />
            <face v1="97" v2="96" v3="88" />
            <face v1="97" v2="88" v3="87" />
            <face v1="99" v2="98" v3="100" />
            <face v1="101" v2="99" v3="102" />
            <face v1="99" v2="101" v3="103" />
            <face v1="99" v2="103" v3="104" />
            <face v1="99" v2="104" v3="105" />
            <face v1="99" v2="105" v3="98" />
            <face v1="98" v2="105" v3="106" />
            <face v1="108" v2="107" v3="109" />
            <face v1="107" v2="108" v3="110" />
            <face v1="110" v2="108" v3="111" />
            <face v1="110" v2="111" v3="102" />
            <face v1="102" v2="111" v3="101" />
            <face v1="112" v2="113" v3="114" />
            <face v1="113" v2="112" v3="115" />
            <face v1="117" v2="116" v3="118" />
            <face v1="116" v2="117" v3="119" />
            <face v1="120" v2="121" v3="122" />
            <face v1="121" v2="120" v3="123" />
            <face v1="125" v2="124" v3="126" />
            <face v1="124" v2="125" v3="127" />
            <face v1="128" v2="129" v3="130" />
            <face v1="129" v2="128" v3="131" />
            <face v1="133" v2="132" v3="134" />
            <face v1="132" v2="133" v3="135" />
            <face v1="136" v2="137" v3="138" />
            <face v1="137" v2="136" v3="139" />
            <face v1="141" v2="140" v3="142" />
            <face v1="140" v2="141" v3="143" />
            <face v1="144" v2="145" v3="146" />
            <face v1="145" v2="144" v3="147" />
            <face v1="149" v2="148" v3="150" />
            <face v1="148" v2="149" v3="151" />
            <face v1="152" v2="153" v3="154" />
            <face v1="153" v2="152" v3="155" />
            <face v1="157" v2="156" v3="158" />
            <face v1="156" v2="157" v3="159" />
            <face v1="160" v2="161" v3="162" />
            <face v1="161" v2="160" v3="163" />
            <face v1="165" v2="164" v3="166" />
            <face v1="164" v2="165" v3="167" />
         </faces>
         <geometry vertexcount="168">
            <vertexbuffer positions="true" normals="true" colours_diffuse="false"  >
               <vertex>
                  <position x="415.0" y="0.0" z="-20.0" />
                  <normal x="0.0" y="-1.0" z="-0.0" />
               </vertex>
               <vertex>
                  <position x="315.0" y="0.0" z="-15.0" />
                  <normal x="0.0" y="-1.0" z="-0.0" />
               </vertex>
               <vertex>
                  <position x="315.0" y="0.0" z="-20.0" />
                  <normal x="0.0" y="-1.0" z="-0.0" />
               </vertex>
               <vertex>
                  <position x="315.0" y="0.0" z="-4.99999999999999" />
                  <normal x="0.0" y="-1.0" z="-0.0" />
               </vertex>
               <vertex>
                  <position x="315.0" y="0.0" z="-0.0" />
                  <normal x="0.0" y="-1.0" z="-0.0" />
               </vertex>
               <vertex>
                  <position x="415.0" y="0.0" z="-0.0" />
                  <normal x="0.0" y="-1.0" z="-0.0" />
               </vertex>
               <vertex>
                  <position x="430.0" y="0.0" z="-10.0" />
                  <normal x="0.0" y="-1.0" z="-0.0" />
               </vertex>
               <vertex>
                  <position x="115.0" y="0.0" z="-4.99999999999999" />
                  <normal x="0.0" y="-1.0" z="-0.0" />
               </vertex>
               <vertex>
                  <position x="115.0" y="0.0" z="-15.0" />
                  <normal x="0.0" y="-1.0" z="-0.0" />
               </vertex>
               <vertex>
                  <position x="15.0" y="0.0" z="-20.0" />
                  <normal x="0.0" y="-1.0" z="-0.0" />
               </vertex>
               <vertex>
                  <position x="15.0" y="0.0" z="-0.0" />
                  <normal x="0.0" y="-1.0" z="-0.0" />
               </vertex>
               <vertex>
                  <position x="0.0" y="0.0" z="-10.0" />
                  <normal x="0.0" y="-1.0" z="-0.0" />
               </vertex>
               <vertex>
                  <position x="115.0" y="0.0" z="-20.0" />
                  <normal x="0.0" y="-1.0" z="-0.0" />
               </vertex>
               <vertex>
                  <position x="115.0" y="0.0" z="-0.0" />
                  <normal x="0.0" y="-1.0" z="-0.0" />
               </vertex>
               <vertex>
                  <position x="415.0" y="0.0" z="-20.0" />
                  <normal x="-0.0" y="1.0" z="0.0" />
               </vertex>
               <vertex>
                  <position x="315.0" y="0.0" z="-15.0" />
                  <normal x="-0.0" y="1.0" z="0.0" />
               </vertex>
               <vertex>
                  <position x="315.0" y="0.0" z="-20.0" />
                  <normal x="-0.0" y="1.0" z="0.0" />
               </vertex>
               <vertex>
                  <position x="315.0" y="0.0" z="-4.99999999999999" />
                  <normal x="-0.0" y="1.0" z="0.0" />
               </vertex>
               <vertex>
                  <position x="315.0" y="0.0" z="-0.0" />
                  <normal x="-0.0" y="1.0" z="0.0" />
               </vertex>
               <vertex>
                  <position x="415.0" y="0.0" z="-0.0" />
                  <normal x="-0.0" y="1.0" z="0.0" />
               </vertex>
               <vertex>
                  <position x="430.0" y="0.0" z="-10.0" />
                  <normal x="-0.0" y="1.0" z="0.0" />
               </vertex>
               <vertex>
                  <position x="115.0" y="0.0" z="-4.99999999999999" />
                  <normal x="-0.0" y="1.0" z="0.0" />
               </vertex>
               <vertex>
                  <position x="115.0" y="0.0" z="-15.0" />
                  <normal x="-0.0" y="1.0" z="0.0" />
               </vertex>
               <vertex>
                  <position x="15.0" y="0.0" z="-20.0" />
                  <normal x="-0.0" y="1.0" z="0.0" />
               </vertex>
               <vertex>
                  <position x="15.0" y="0.0" z="-0.0" />
                  <normal x="-0.0" y="1.0" z="0.0" />
               </vertex>
               <vertex>
                  <position x="0.0" y="0.0" z="-10.0" />
                  <normal x="-0.0" y="1.0" z="0.0" />
               </vertex>
               <vertex>
                  <position x="115.0" y="0.0" z="-20.0" />
                  <normal x="-0.0" y="1.0" z="0.0" />
               </vertex>
               <vertex>
                  <position x="115.0" y="0.0" z="-0.0" />
                  <normal x="-0.0" y="1.0" z="0.0" />
               </vertex>
               <vertex>
                  <position x="315.0" y="15.29" z="-4.99999999999999" />
                  <normal x="-0.0" y="-0.0" z="1.0" />
               </vertex>
               <vertex>
                  <position x="115.0" y="0.0" z="-4.99999999999999" />
                  <normal x="-0.0" y="-0.0" z="1.0" />
               </vertex>
               <vertex>
                  <position x="315.0" y="0.0" z="-4.99999999999999" />
                  <normal x="-0.0" y="-0.0" z="1.0" />
               </vertex>
               <vertex>
                  <position x="115.0" y="15.29" z="-4.99999999999999" />
                  <normal x="-0.0" y="-0.0" z="1.0" />
               </vertex>
               <vertex>
                  <position x="315.0" y="15.29" z="-4.99999999999999" />
                  <normal x="0.0" y="0.0" z="-1.0" />
               </vertex>
               <vertex>
                  <position x="115.0" y="0.0" z="-4.99999999999999" />
                  <normal x="0.0" y="0.0" z="-1.0" />
               </vertex>
               <vertex>
                  <position x="315.0" y="0.0" z="-4.99999999999999" />
                  <normal x="0.0" y="0.0" z="-1.0" />
               </vertex>
               <vertex>
                  <position x="115.0" y="15.29" z="-4.99999999999999" />
                  <normal x="0.0" y="0.0" z="-1.0" />
               </vertex>
               <vertex>
                  <position x="115.0" y="0.0" z="-4.99999999999999" />
                  <normal x="1.0" y="0.0" z="-0.0" />
               </vertex>
               <vertex>
                  <position x="115.0" y="15.29" z="-0.0" />
                  <normal x="1.0" y="0.0" z="-0.0" />
               </vertex>
               <vertex>
                  <position x="115.0" y="0.0" z="-0.0" />
                  <normal x="1.0" y="0.0" z="-0.0" />
               </vertex>
               <vertex>
                  <position x="115.0" y="15.29" z="-4.99999999999999" />
                  <normal x="1.0" y="0.0" z="-0.0" />
               </vertex>
               <vertex>
                  <position x="115.0" y="0.0" z="-4.99999999999999" />
                  <normal x="-1.0" y="-0.0" z="0.0" />
               </vertex>
               <vertex>
                  <position x="115.0" y="15.29" z="-0.0" />
                  <normal x="-1.0" y="-0.0" z="0.0" />
               </vertex>
               <vertex>
                  <position x="115.0" y="0.0" z="-0.0" />
                  <normal x="-1.0" y="-0.0" z="0.0" />
               </vertex>
               <vertex>
                  <position x="115.0" y="15.29" z="-4.99999999999999" />
                  <normal x="-1.0" y="-0.0" z="0.0" />
               </vertex>
               <vertex>
                  <position x="115.0" y="15.29" z="-0.0" />
                  <normal x="-0.0" y="-0.0" z="1.0" />
               </vertex>
               <vertex>
                  <position x="15.0" y="0.0" z="-0.0" />
                  <normal x="-0.0" y="-0.0" z="1.0" />
               </vertex>
               <vertex>
                  <position x="115.0" y="0.0" z="-0.0" />
                  <normal x="-0.0" y="-0.0" z="1.0" />
               </vertex>
               <vertex>
                  <position x="15.0" y="15.29" z="-0.0" />
                  <normal x="-0.0" y="-0.0" z="1.0" />
               </vertex>
               <vertex>
                  <position x="115.0" y="15.29" z="-0.0" />
                  <normal x="0.0" y="0.0" z="-1.0" />
               </vertex>
               <vertex>
                  <position x="15.0" y="0.0" z="-0.0" />
                  <normal x="0.0" y="0.0" z="-1.0" />
               </vertex>
               <vertex>
                  <position x="115.0" y="0.0" z="-0.0" />
                  <normal x="0.0" y="0.0" z="-1.0" />
               </vertex>
               <vertex>
                  <position x="15.0" y="15.29" z="-0.0" />
                  <normal x="0.0" y="0.0" z="-1.0" />
               </vertex>
               <vertex>
                  <position x="15.0" y="15.29" z="-0.0" />
                  <normal x="-0.554700196225229" y="-0.0" z="0.832050294337844" />
               </vertex>
               <vertex>
                  <position x="0.0" y="0.0" z="-10.0" />
                  <normal x="-0.554700196225229" y="-0.0" z="0.832050294337844" />
               </vertex>
               <vertex>
                  <position x="15.0" y="0.0" z="-0.0" />
                  <normal x="-0.554700196225229" y="-0.0" z="0.832050294337844" />
               </vertex>
               <vertex>
                  <position x="0.0" y="15.29" z="-10.0" />
                  <normal x="-0.554700196225229" y="-0.0" z="0.832050294337844" />
               </vertex>
               <vertex>
                  <position x="15.0" y="15.29" z="-0.0" />
                  <normal x="0.554700196225229" y="0.0" z="-0.832050294337844" />
               </vertex>
               <vertex>
                  <position x="0.0" y="0.0" z="-10.0" />
                  <normal x="0.554700196225229" y="0.0" z="-0.832050294337844" />
               </vertex>
               <vertex>
                  <position x="15.0" y="0.0" z="-0.0" />
                  <normal x="0.554700196225229" y="0.0" z="-0.832050294337844" />
               </vertex>
               <vertex>
                  <position x="0.0" y="15.29" z="-10.0" />
                  <normal x="0.554700196225229" y="0.0" z="-0.832050294337844" />
               </vertex>
               <vertex>
                  <position x="0.0" y="15.29" z="-10.0" />
                  <normal x="-0.554700196225229" y="0.0" z="-0.832050294337844" />
               </vertex>
               <vertex>
                  <position x="15.0" y="0.0" z="-20.0" />
                  <normal x="-0.554700196225229" y="0.0" z="-0.832050294337844" />
               </vertex>
               <vertex>
                  <position x="0.0" y="0.0" z="-10.0" />
                  <normal x="-0.554700196225229" y="0.0" z="-0.832050294337844" />
               </vertex>
               <vertex>
                  <position x="15.0" y="15.29" z="-20.0" />
                  <normal x="-0.554700196225229" y="0.0" z="-0.832050294337844" />
               </vertex>
               <vertex>
                  <position x="0.0" y="15.29" z="-10.0" />
                  <normal x="0.554700196225229" y="-0.0" z="0.832050294337844" />
               </vertex>
               <vertex>
                  <position x="15.0" y="0.0" z="-20.0" />
                  <normal x="0.554700196225229" y="-0.0" z="0.832050294337844" />
               </vertex>
               <vertex>
                  <position x="0.0" y="0.0" z="-10.0" />
                  <normal x="0.554700196225229" y="-0.0" z="0.832050294337844" />
               </vertex>
               <vertex>
                  <position x="15.0" y="15.29" z="-20.0" />
                  <normal x="0.554700196225229" y="-0.0" z="0.832050294337844" />
               </vertex>
               <vertex>
                  <position x="15.0" y="15.29" z="-20.0" />
                  <normal x="0.0" y="0.0" z="-1.0" />
               </vertex>
               <vertex>
                  <position x="115.0" y="0.0" z="-20.0" />
                  <normal x="0.0" y="0.0" z="-1.0" />
               </vertex>
               <vertex>
                  <position x="15.0" y="0.0" z="-20.0" />
                  <normal x="0.0" y="0.0" z="-1.0" />
               </vertex>
               <vertex>
                  <position x="115.0" y="15.29" z="-20.0" />
                  <normal x="0.0" y="0.0" z="-1.0" />
               </vertex>
               <vertex>
                  <position x="15.0" y="15.29" z="-20.0" />
                  <normal x="-0.0" y="-0.0" z="1.0" />
               </vertex>
               <vertex>
                  <position x="115.0" y="0.0" z="-20.0" />
                  <normal x="-0.0" y="-0.0" z="1.0" />
               </vertex>
               <vertex>
                  <position x="15.0" y="0.0" z="-20.0" />
                  <normal x="-0.0" y="-0.0" z="1.0" />
               </vertex>
               <vertex>
                  <position x="115.0" y="15.29" z="-20.0" />
                  <normal x="-0.0" y="-0.0" z="1.0" />
               </vertex>
               <vertex>
                  <position x="115.0" y="0.0" z="-20.0" />
                  <normal x="1.0" y="0.0" z="-0.0" />
               </vertex>
               <vertex>
                  <position x="115.0" y="15.29" z="-15.0" />
                  <normal x="1.0" y="0.0" z="-0.0" />
               </vertex>
               <vertex>
                  <position x="115.0" y="0.0" z="-15.0" />
                  <normal x="1.0" y="0.0" z="-0.0" />
               </vertex>
               <vertex>
                  <position x="115.0" y="15.29" z="-20.0" />
                  <normal x="1.0" y="0.0" z="-0.0" />
               </vertex>
               <vertex>
                  <position x="115.0" y="0.0" z="-20.0" />
                  <normal x="-1.0" y="-0.0" z="0.0" />
               </vertex>
               <vertex>
                  <position x="115.0" y="15.29" z="-15.0" />
                  <normal x="-1.0" y="-0.0" z="0.0" />
               </vertex>
               <vertex>
                  <position x="115.0" y="0.0" z="-15.0" />
                  <normal x="-1.0" y="-0.0" z="0.0" />
               </vertex>
               <vertex>
                  <position x="115.0" y="15.29" z="-20.0" />
                  <normal x="-1.0" y="-0.0" z="0.0" />
               </vertex>
               <vertex>
                  <position x="415.0" y="15.29" z="-0.0" />
                  <normal x="0.0" y="1.0" z="-0.0" />
               </vertex>
               <vertex>
                  <position x="315.0" y="15.29" z="-4.99999999999999" />
                  <normal x="0.0" y="1.0" z="-0.0" />
               </vertex>
               <vertex>
                  <position x="315.0" y="15.29" z="-0.0" />
                  <normal x="0.0" y="1.0" z="-0.0" />
               </vertex>
               <vertex>
                  <position x="115.0" y="15.29" z="-15.0" />
                  <normal x="0.0" y="1.0" z="-0.0" />
               </vertex>
               <vertex>
                  <position x="115.0" y="15.29" z="-4.99999999999999" />
                  <normal x="0.0" y="1.0" z="-0.0" />
               </vertex>
               <vertex>
                  <position x="315.0" y="15.29" z="-15.0" />
                  <normal x="0.0" y="1.0" z="-0.0" />
               </vertex>
               <vertex>
                  <position x="315.0" y="15.29" z="-20.0" />
                  <normal x="0.0" y="1.0" z="-0.0" />
               </vertex>
               <vertex>
                  <position x="415.0" y="15.29" z="-20.0" />
                  <normal x="0.0" y="1.0" z="-0.0" />
               </vertex>
               <vertex>
                  <position x="430.0" y="15.29" z="-10.0" />
                  <normal x="0.0" y="1.0" z="-0.0" />
               </vertex>
               <vertex>
                  <position x="15.0" y="15.29" z="-0.0" />
                  <normal x="0.0" y="1.0" z="-0.0" />
               </vertex>
               <vertex>
                  <position x="15.0" y="15.29" z="-20.0" />
                  <normal x="0.0" y="1.0" z="-0.0" />
               </vertex>
               <vertex>
                  <position x="0.0" y="15.29" z="-10.0" />
                  <normal x="0.0" y="1.0" z="-0.0" />
               </vertex>
               <vertex>
                  <position x="115.0" y="15.29" z="-0.0" />
                  <normal x="0.0" y="1.0" z="-0.0" />
               </vertex>
               <vertex>
                  <position x="115.0" y="15.29" z="-20.0" />
                  <normal x="0.0" y="1.0" z="-0.0" />
               </vertex>
               <vertex>
                  <position x="415.0" y="15.29" z="-0.0" />
                  <normal x="-0.0" y="-1.0" z="0.0" />
               </vertex>
               <vertex>
                  <position x="315.0" y="15.29" z="-4.99999999999999" />
                  <normal x="-0.0" y="-1.0" z="0.0" />
               </vertex>
               <vertex>
                  <position x="315.0" y="15.29" z="-0.0" />
                  <normal x="-0.0" y="-1.0" z="0.0" />
               </vertex>
               <vertex>
                  <position x="115.0" y="15.29" z="-15.0" />
                  <normal x="-0.0" y="-1.0" z="0.0" />
               </vertex>
               <vertex>
                  <position x="115.0" y="15.29" z="-4.99999999999999" />
                  <normal x="-0.0" y="-1.0" z="0.0" />
               </vertex>
               <vertex>
                  <position x="315.0" y="15.29" z="-15.0" />
                  <normal x="-0.0" y="-1.0" z="0.0" />
               </vertex>
               <vertex>
                  <position x="315.0" y="15.29" z="-20.0" />
                  <normal x="-0.0" y="-1.0" z="0.0" />
               </vertex>
               <vertex>
                  <position x="415.0" y="15.29" z="-20.0" />
                  <normal x="-0.0" y="-1.0" z="0.0" />
               </vertex>
               <vertex>
                  <position x="430.0" y="15.29" z="-10.0" />
                  <normal x="-0.0" y="-1.0" z="0.0" />
               </vertex>
               <vertex>
                  <position x="15.0" y="15.29" z="-0.0" />
                  <normal x="-0.0" y="-1.0" z="0.0" />
               </vertex>
               <vertex>
                  <position x="15.0" y="15.29" z="-20.0" />
                  <normal x="-0.0" y="-1.0" z="0.0" />
               </vertex>
               <vertex>
                  <position x="0.0" y="15.29" z="-10.0" />
                  <normal x="-0.0" y="-1.0" z="0.0" />
               </vertex>
               <vertex>
                  <position x="115.0" y="15.29" z="-0.0" />
                  <normal x="-0.0" y="-1.0" z="0.0" />
               </vertex>
               <vertex>
                  <position x="115.0" y="15.29" z="-20.0" />
                  <normal x="-0.0" y="-1.0" z="0.0" />
               </vertex>
               <vertex>
                  <position x="115.0" y="15.29" z="-15.0" />
                  <normal x="0.0" y="0.0" z="-1.0" />
               </vertex>
               <vertex>
                  <position x="315.0" y="0.0" z="-15.0" />
                  <normal x="0.0" y="0.0" z="-1.0" />
               </vertex>
               <vertex>
                  <position x="115.0" y="0.0" z="-15.0" />
                  <normal x="0.0" y="0.0" z="-1.0" />
               </vertex>
               <vertex>
                  <position x="315.0" y="15.29" z="-15.0" />
                  <normal x="0.0" y="0.0" z="-1.0" />
               </vertex>
               <vertex>
                  <position x="115.0" y="15.29" z="-15.0" />
                  <normal x="-0.0" y="-0.0" z="1.0" />
               </vertex>
               <vertex>
                  <position x="315.0" y="0.0" z="-15.0" />
                  <normal x="-0.0" y="-0.0" z="1.0" />
               </vertex>
               <vertex>
                  <position x="115.0" y="0.0" z="-15.0" />
                  <normal x="-0.0" y="-0.0" z="1.0" />
               </vertex>
               <vertex>
                  <position x="315.0" y="15.29" z="-15.0" />
                  <normal x="-0.0" y="-0.0" z="1.0" />
               </vertex>
               <vertex>
                  <position x="315.0" y="15.29" z="-20.0" />
                  <normal x="-1.0" y="0.0" z="-0.0" />
               </vertex>
               <vertex>
                  <position x="315.0" y="0.0" z="-15.0" />
                  <normal x="-1.0" y="0.0" z="-0.0" />
               </vertex>
               <vertex>
                  <position x="315.0" y="15.29" z="-15.0" />
                  <normal x="-1.0" y="0.0" z="-0.0" />
               </vertex>
               <vertex>
                  <position x="315.0" y="0.0" z="-20.0" />
                  <normal x="-1.0" y="0.0" z="-0.0" />
               </vertex>
               <vertex>
                  <position x="315.0" y="15.29" z="-20.0" />
                  <normal x="1.0" y="-0.0" z="0.0" />
               </vertex>
               <vertex>
                  <position x="315.0" y="0.0" z="-15.0" />
                  <normal x="1.0" y="-0.0" z="0.0" />
               </vertex>
               <vertex>
                  <position x="315.0" y="15.29" z="-15.0" />
                  <normal x="1.0" y="-0.0" z="0.0" />
               </vertex>
               <vertex>
                  <position x="315.0" y="0.0" z="-20.0" />
                  <normal x="1.0" y="-0.0" z="0.0" />
               </vertex>
               <vertex>
                  <position x="315.0" y="15.29" z="-20.0" />
                  <normal x="0.0" y="0.0" z="-1.0" />
               </vertex>
               <vertex>
                  <position x="415.0" y="0.0" z="-20.0" />
                  <normal x="0.0" y="0.0" z="-1.0" />
               </vertex>
               <vertex>
                  <position x="315.0" y="0.0" z="-20.0" />
                  <normal x="0.0" y="0.0" z="-1.0" />
               </vertex>
               <vertex>
                  <position x="415.0" y="15.29" z="-20.0" />
                  <normal x="0.0" y="0.0" z="-1.0" />
               </vertex>
               <vertex>
                  <position x="315.0" y="15.29" z="-20.0" />
                  <normal x="-0.0" y="-0.0" z="1.0" />
               </vertex>
               <vertex>
                  <position x="415.0" y="0.0" z="-20.0" />
                  <normal x="-0.0" y="-0.0" z="1.0" />
               </vertex>
               <vertex>
                  <position x="315.0" y="0.0" z="-20.0" />
                  <normal x="-0.0" y="-0.0" z="1.0" />
               </vertex>
               <vertex>
                  <position x="415.0" y="15.29" z="-20.0" />
                  <normal x="-0.0" y="-0.0" z="1.0" />
               </vertex>
               <vertex>
                  <position x="415.0" y="15.29" z="-20.0" />
                  <normal x="0.55470019622523" y="0.0" z="-0.832050294337843" />
               </vertex>
               <vertex>
                  <position x="430.0" y="0.0" z="-10.0" />
                  <normal x="0.55470019622523" y="0.0" z="-0.832050294337843" />
               </vertex>
               <vertex>
                  <position x="415.0" y="0.0" z="-20.0" />
                  <normal x="0.55470019622523" y="0.0" z="-0.832050294337843" />
               </vertex>
               <vertex>
                  <position x="430.0" y="15.29" z="-10.0" />
                  <normal x="0.55470019622523" y="0.0" z="-0.832050294337843" />
               </vertex>
               <vertex>
                  <position x="415.0" y="15.29" z="-20.0" />
                  <normal x="-0.55470019622523" y="-0.0" z="0.832050294337843" />
               </vertex>
               <vertex>
                  <position x="430.0" y="0.0" z="-10.0" />
                  <normal x="-0.55470019622523" y="-0.0" z="0.832050294337843" />
               </vertex>
               <vertex>
                  <position x="415.0" y="0.0" z="-20.0" />
                  <normal x="-0.55470019622523" y="-0.0" z="0.832050294337843" />
               </vertex>
               <vertex>
                  <position x="430.0" y="15.29" z="-10.0" />
                  <normal x="-0.55470019622523" y="-0.0" z="0.832050294337843" />
               </vertex>
               <vertex>
                  <position x="430.0" y="15.29" z="-10.0" />
                  <normal x="0.55470019622523" y="0.0" z="0.832050294337843" />
               </vertex>
               <vertex>
                  <position x="415.0" y="0.0" z="-0.0" />
                  <normal x="0.55470019622523" y="0.0" z="0.832050294337843" />
               </vertex>
               <vertex>
                  <position x="430.0" y="0.0" z="-10.0" />
                  <normal x="0.55470019622523" y="0.0" z="0.832050294337843" />
               </vertex>
               <vertex>
                  <position x="415.0" y="15.29" z="-0.0" />
                  <normal x="0.55470019622523" y="0.0" z="0.832050294337843" />
               </vertex>
               <vertex>
                  <position x="430.0" y="15.29" z="-10.0" />
                  <normal x="-0.55470019622523" y="-0.0" z="-0.832050294337843" />
               </vertex>
               <vertex>
                  <position x="415.0" y="0.0" z="-0.0" />
                  <normal x="-0.55470019622523" y="-0.0" z="-0.832050294337843" />
               </vertex>
               <vertex>
                  <position x="430.0" y="0.0" z="-10.0" />
                  <normal x="-0.55470019622523" y="-0.0" z="-0.832050294337843" />
               </vertex>
               <vertex>
                  <position x="415.0" y="15.29" z="-0.0" />
                  <normal x="-0.55470019622523" y="-0.0" z="-0.832050294337843" />
               </vertex>
               <vertex>
                  <position x="415.0" y="15.29" z="-0.0" />
                  <normal x="-0.0" y="-0.0" z="1.0" />
               </vertex>
               <vertex>
                  <position x="315.0" y="0.0" z="-0.0" />
                  <normal x="-0.0" y="-0.0" z="1.0" />
               </vertex>
               <vertex>
                  <position x="415.0" y="0.0" z="-0.0" />
                  <normal x="-0.0" y="-0.0" z="1.0" />
               </vertex>
               <vertex>
                  <position x="315.0" y="15.29" z="-0.0" />
                  <normal x="-0.0" y="-0.0" z="1.0" />
               </vertex>
               <vertex>
                  <position x="415.0" y="15.29" z="-0.0" />
                  <normal x="0.0" y="0.0" z="-1.0" />
               </vertex>
               <vertex>
                  <position x="315.0" y="0.0" z="-0.0" />
                  <normal x="0.0" y="0.0" z="-1.0" />
               </vertex>
               <vertex>
                  <position x="415.0" y="0.0" z="-0.0" />
                  <normal x="0.0" y="0.0" z="-1.0" />
               </vertex>
               <vertex>
                  <position x="315.0" y="15.29" z="-0.0" />
                  <normal x="0.0" y="0.0" z="-1.0" />
               </vertex>
               <vertex>
                  <position x="315.0" y="15.29" z="-4.99999999999999" />
                  <normal x="-1.0" y="0.0" z="-0.0" />
               </vertex>
               <vertex>
                  <position x="315.0" y="0.0" z="-0.0" />
                  <normal x="-1.0" y="0.0" z="-0.0" />
               </vertex>
               <vertex>
                  <position x="315.0" y="15.29" z="-0.0" />
                  <normal x="-1.0" y="0.0" z="-0.0" />
               </vertex>
               <vertex>
                  <position x="315.0" y="0.0" z="-4.99999999999999" />
                  <normal x="-1.0" y="0.0" z="-0.0" />
               </vertex>
               <vertex>
                  <position x="315.0" y="15.29" z="-4.99999999999999" />
                  <normal x="1.0" y="-0.0" z="0.0" />
               </vertex>
               <vertex>
                  <position x="315.0" y="0.0" z="-0.0" />
                  <normal x="1.0" y="-0.0" z="0.0" />
               </vertex>
               <vertex>
                  <position x="315.0" y="15.29" z="-0.0" />
                  <normal x="1.0" y="-0.0" z="0.0" />
               </vertex>
               <vertex>
                  <position x="315.0" y="0.0" z="-4.99999999999999" />
                  <normal x="1.0" y="-0.0" z="0.0" />
               </vertex>
            </vertexbuffer>
         </geometry>
      </submesh>
   </submeshes>
</mesh>
